current_position,current_company,years_of_experience,education_degree,city,country,salary_estimate,median_salary
ML Engineer,Adobe,11.0,Bachelor of Engineering (BE),Bengaluru,India,75 - 90 LPA,8250000
Machine Learning Engineer,Sarvam,7.0,BSc - Bachelor of Science,Bengaluru,India,38 - 47 LPA,4250000
Python Software Developer,Wipzent,3.1,Bsc in data science ,Bengaluru,India,14 - 17.5 LPA,1575000
Machine Learning Engineer,Smart Data Solutions,9.2,Predictive Analytics for Business ,Chennai,India,30 - 36 LPA,3300000
Director - Applied AI,Krutrim,15.6,Doctor of Philosophy (Ph.D.),Bengaluru,India,95 - 115 LPA,10500000
Machine Learning Engineer 2,Rakuten India,6.5,Bachelor of Technology - BTech,Bengaluru,India,35 - 43 LPA,3900000
Senior Machine Learning Engineer,Red Hat,11.1,Master of Technology - MTech,Bengaluru,India,58 - 72 LPA,6500000
Machine Learning Engineer,Giggso,2.3,Bachelor of Technology - BTech,Coimbatore,India,7.5 - 9.25 LPA,837500
Machine Learning Engineer,Apra Labs.,7.9,Bachelor of Technology,Bengaluru,India,36 - 45 LPA,4050000
,,,Bachelor of Technology - BTech,Bengaluru,India,0 INR,0
Co-Founder & CEO,noether,3.7,Bachelor of Technology - BTech,Bengaluru,India,28 - 35 LPA,3150000
Staff ML Compiler Engineer,Waymo,21.1,Doctor of Philosophy (PhD),Bengaluru,India,150 - 185 LPA,16750000
Data Consultant, ,2.1,Master of Science In Computer Science,Bengaluru,India,14 - 17 LPA,1550000
Senior Engineer,Accenture in India,5.4,Master's degree,Bengaluru,India,19 - 23 LPA,2100000
Software Development Intern,Varahe Analytics Private Limited,0.6,Bachelor's degree,Bengaluru,India,9 - 11 LPA,1000000
Expert Software Developer,BMW TechWorks India,9.6,B.Tech,Bengaluru,India,50 - 60 LPA,5500000
Lead Data Scientist - Data Sciences,Myntra,10.5,Bachelor‚Äôs Degree,Bengaluru,India,75 - 90 LPA,8250000
ML Engineer,Typeface,29.9,BS,Bengaluru,India,2.0 - 2.5 Cr LPA,225000
Senior Data Scientist,Amazon Web Services (AWS),9.2,Bachelor of Technology - BTech,Bengaluru,India,75 - 90 LPA,8250000
Senior Software Engineer,Google,16.2,Master of Computer Applications (MCA),Bengaluru,India,120 - 150 LPA,13500000
,,,B.tech,Bengaluru,India,0 INR,0
Lead Engineer Data Science,Paytm,10.2,Post Graduate Diploma in Business Analytics,Bengaluru,India,50 - 62.5 LPA,5625000
Senior Data Scientist,Walmart Global Tech India,7.2,Master's degree,Bengaluru,India,40 - 50 LPA,4500000
Senior Consultant,HCLTech,3.0,Bachelor of Engineering - BE,Bengaluru,India,16 - 20 LPA,1800000
Associate Machine Learning Engineer,Syncron,2.3,Master of Computer Applications - MCA,Bengaluru,India,13 - 16 LPA,1450000
Data Science Intern,Luminar Technolab,2.9,Bachelor of Technology - BTech,Bengaluru,India,12 - 15 LPA,1350000
Senior Project Coordinator,IndiaSpeaks Research Labs,3.4,Postgraduate Degree,Chennai,India,7 - 8.5 LPA,775000
Senior Growth Data Scientist,CARS24,9.2,Bachelor of Technology (B.Tech.),Delhi,India,42 - 52 LPA,4700000
Principal Analyst,Factspan,7.7,Master of Technology - MTech,Bengaluru,India,42 - 52 LPA,4700000
IXP Intern,SAP,2.9,Bachelor of Technology - BTech,Bengaluru,India,"Based on the candidate profile, acting as a professional compensation analyst in India:

The candidate has 2.9 years of total experience, listed as an ""IXP Intern"" at SAP. While the ""intern"" title might typically suggest a fresher, 2.9 years of experience combined with a strong educational background (B.Tech from Amrita Vishwa Vidyapeetham), extensive and highly relevant skills in Machine Learning, Deep Learning, NLP, Computer Vision, Generative AI, Cloud Computing (AWS, Azure), and numerous certifications in these areas, indicates a highly skilled individual ready for a junior to mid-level role. The SAP background adds to their profile's strength.

Given the profile type is ML and the location is Bengaluru (a prime tech hub in India with competitive salaries for AI/ML roles), this candidate would be highly sought after for roles such as Associate Machine Learning Engineer, Data Scientist I, or AI Engineer. They are beyond a typical ""fresher"" salary due to their extensive practical experience, even if much of it was in an internship capacity, and their demonstrated skill set.

Considering all these factors, a realistic and competitive annual salary for this profile in Bengaluru would be:

13 - 16 LPA",290000
ETL Developer,Tata Consultancy Services,2.5,Executive Post Graduation,Bengaluru,India,15 - 18 LPA,1650000
Consultant,iPRIMED,8.9,Bachelor of Technology - BTech,Bengaluru,India,28 - 35 LPA,3150000
Machine Learning Engineer,Opendoor,7.3,Master of Engineering - ME,Bengaluru,India,39 - 48 LPA,4350000
Junior AI/ML Engineer,Reino Fusion Labs,2.1,Master of Science - MS,Bengaluru,India,14 - 17 LPA,1550000
Principal ML Engineer,Nykaa,15.2,B-Tech,Bengaluru,India,105 - 130 LPA,11750000
AI/ML engineer,Accurate Info Solution,4.1,Master of Science - MS,Bengaluru,India,24 - 28 LPA,2600000
Senior Machine Learning Engineer,Atlassian,8.8,Executive PG in Machine learning and AI,Bengaluru,India,65 - 80 LPA,7250000
AI/ML Engineer,Samsung Electro-Mechanics,2.8,Bachelor of Engineering - BE,Bengaluru,India,18 - 22 LPA,2000000
Research Associate AI/ML,CloudThat,4.8,Bachelor of Technology - BTech,Bengaluru,India,16 - 20 LPA,1800000
Senior Machine Learning Engineer,VerSe Innovation,4.6,Bachelor of Technology,Bengaluru,India,35 - 42 LPA,3850000
AI/ML Engineer,Piramal Capital & Housing Finance Limited,4.8,Bachelor of Engineering - BE,Bengaluru,India,26 - 32 LPA,2900000
AI/ML engineer,Vidal Health,3.0,Master's degree,Bengaluru,India,26 - 32 LPA,2900000
AI/ML Engineer ,Data Template,2.2,Bachelor of Commerce - BCom,Bengaluru,India,11 - 13.5 LPA,1225000
Senior ML Engineer,Siemens,8.2,Bachelor's Degree,,India,35 - 43 LPA,3900000
ML Engineer,Adobe,11.0,Bachelor of Engineering (BE),Bengaluru,India,60 - 75 LPA,6750000
Machine Learning Engineer,Sarvam,7.0,BSc - Bachelor of Science,Bengaluru,India,32 - 40 LPA,3600000
Python Software Developer,Wipzent,3.1,Bsc in data science ,Bengaluru,India,10 - 12.5 LPA,1125000
Machine Learning Engineer,Smart Data Solutions,9.2,Predictive Analytics for Business ,Chennai,India,32 - 40 LPA,3600000
Director - Applied AI,Krutrim,15.6,Doctor of Philosophy (Ph.D.),Bengaluru,India,100 - 125 LPA,11250000
Machine Learning Engineer 2,Rakuten India,6.5,Bachelor of Technology - BTech,Bengaluru,India,32 - 40 LPA,3600000
Senior Machine Learning Engineer,Red Hat,11.1,Master of Technology - MTech,Bengaluru,India,60 - 75 LPA,6750000
Machine Learning Engineer,Giggso,2.3,Bachelor of Technology - BTech,Coimbatore,India,6.5 - 8 LPA,725000
Machine Learning Engineer,Apra Labs.,7.9,Bachelor of Technology,Bengaluru,India,40 - 50 LPA,4500000
,,,Bachelor of Technology - BTech,Bengaluru,India,0 INR,0
Co-Founder & CEO,noether,3.7,Bachelor of Technology - BTech,Bengaluru,India,28 - 34 LPA,3100000
Staff ML Compiler Engineer,Waymo,21.1,Doctor of Philosophy (PhD),Bengaluru,India,1.75 - 2.15 Cr LPA,195000
Data Consultant, ,2.1,Master of Science In Computer Science,Bengaluru,India,16 - 20 LPA,1800000
Senior Engineer,Accenture in India,5.4,Master's degree,Bengaluru,India,22 - 27.5 LPA,2475000
Software Development Intern,Varahe Analytics Private Limited,0.6,Bachelor's degree,Bengaluru,India,8 - 10 LPA,900000
Expert Software Developer,BMW TechWorks India,9.6,B.Tech,Bengaluru,India,37 - 46 LPA,4150000
Lead Data Scientist - Data Sciences,Myntra,10.5,Bachelor‚Äôs Degree,Bengaluru,India,70 - 84 LPA,7700000
ML Engineer,Typeface,29.9,BS,Bengaluru,India,180 - 220 LPA,20000000
Senior Data Scientist,Amazon Web Services (AWS),9.2,Bachelor of Technology - BTech,Bengaluru,India,60 - 75 LPA,6750000
Senior Software Engineer,Google,16.2,Master of Computer Applications (MCA),Bengaluru,India,110 - 135 LPA,12250000
,,,B.tech,Bengaluru,India,0 INR,0
Lead Engineer Data Science,Paytm,10.2,Post Graduate Diploma in Business Analytics,Bengaluru,India,58 - 70 LPA,6400000
Senior Data Scientist,Walmart Global Tech India,7.2,Master's degree,Bengaluru,India,45 - 55 LPA,5000000
Senior Consultant,HCLTech,3.0,Bachelor of Engineering - BE,Bengaluru,India,14 - 17.5 LPA,1575000
Associate Machine Learning Engineer,Syncron,2.3,Master of Computer Applications - MCA,Bengaluru,India,15 - 18 LPA,1650000
Data Science Intern,Luminar Technolab,2.9,Bachelor of Technology - BTech,Bengaluru,India,12 - 15 LPA,1350000
Senior Project Coordinator,IndiaSpeaks Research Labs,3.4,Postgraduate Degree,Chennai,India,7.2 - 8.8 LPA,800000
Senior Growth Data Scientist,CARS24,9.2,Bachelor of Technology (B.Tech.),Delhi,India,40 - 50 LPA,4500000
Principal Analyst,Factspan,7.7,Master of Technology - MTech,Bengaluru,India,37 - 45 LPA,4100000
IXP Intern,SAP,2.9,Bachelor of Technology - BTech,Bengaluru,India,15 - 18 LPA,1650000
ETL Developer,Tata Consultancy Services,2.5,Executive Post Graduation,Bengaluru,India,12 - 15 LPA,1350000
Consultant,iPRIMED,8.9,Bachelor of Technology - BTech,Bengaluru,India,37 - 45 LPA,4100000
Machine Learning Engineer,Opendoor,7.3,Master of Engineering - ME,Bengaluru,India,45 - 55 LPA,5000000
Junior AI/ML Engineer,Reino Fusion Labs,2.1,Master of Science - MS,Bengaluru,India,12 - 15 LPA,1350000
Principal ML Engineer,Nykaa,15.2,B-Tech,Bengaluru,India,90 - 112 LPA,10100000
AI/ML engineer,Accurate Info Solution,4.1,Master of Science - MS,Bengaluru,India,20 - 25 LPA,2250000
Senior Machine Learning Engineer,Atlassian,8.8,Executive PG in Machine learning and AI,Bengaluru,India,65 - 80 LPA,7250000
AI/ML Engineer,Samsung Electro-Mechanics,2.8,Bachelor of Engineering - BE,Bengaluru,India,18 - 22 LPA,2000000
Research Associate AI/ML,CloudThat,4.8,Bachelor of Technology - BTech,Bengaluru,India,17.5 - 21 LPA,1925000
Senior Machine Learning Engineer,VerSe Innovation,4.6,Bachelor of Technology,Bengaluru,India,48 - 60 LPA,5400000
AI/ML Engineer,Piramal Capital & Housing Finance Limited,4.8,Bachelor of Engineering - BE,Bengaluru,India,28 - 35 LPA,3150000
AI/ML engineer,Vidal Health,3.0,Master's degree,Bengaluru,India,23 - 28 LPA,2550000
AI/ML Engineer ,Data Template,2.2,Bachelor of Commerce - BCom,Bengaluru,India,11 - 13.5 LPA,1225000
Senior ML Engineer,Siemens,8.2,Bachelor's Degree,,India,40 - 50 LPA,4500000
Machine Learning Engineer,Qualcomm,5.2,Master of Science (Research),Bengaluru,India,36 - 45 LPA,4050000
AI ML Engineer,HARMAN CONNECTED SERVICES UK LIMITED,8.3,Master of Technology - MTech,Bengaluru,India,33 - 41 LPA,3700000
AI Lead,Senzcraft,12.7,Postgraduate Degree,,United States,75 - 90 LPA,8250000
Machine Learning Engineer,SellerMate.AI,1.8,Master of Computer Applications - MCA,Bengaluru,India,12 - 15 LPA,1350000
Senior Software Associate,Virtusa,8.8,Bachelor‚Äôs Degree,Bengaluru,India,28 - 35 LPA,3150000
AI / ML engineer,Citi,4.4,Bachelor of Engineering - BE,Bengaluru,India,24 - 30 LPA,2700000
Machine Learning Engineer,Apple,10.0,Dual Degree,Bengaluru,India,75 - 90 LPA,8250000
Machine Learning Engineer,Apple,8.8,Bachelor of Technology (B.Tech.),Bengaluru,India,68 - 85 LPA,7650000
Senior Software Engineer,Apple,9.7,Post Graduate Diploma,Bengaluru,India,80 - 100 LPA,9000000
Software Engineer,Apple,1.8,Bachelor of Engineering - BE,Delhi,India,32 - 40 LPA,3600000
Software Development Engineer 3,Apple,5.3,Bachelor of Technology - BTech,Bengaluru,India,55 - 68 LPA,6150000
Cellular Engineer ,Apple,15.2,Master of Technology (MTech),Bengaluru,India,110 - 137.5 LPA,12375000
SDET 3,Apple,7.6,Bachelor of Technology - BTech ,Bengaluru,India,55 - 68 LPA,6150000
Machine Learning Engineer,Apple,5.2,Bachelor of Technology - BTech,Bengaluru,India,45 - 56 LPA,5050000
Software Engineer,Apple,3.2,Bachelor of Technology - BTech,HyderƒÅbƒÅd,India,45 - 55 LPA,5000000
Software Engineer,Apple,7.7,Bachelor of Technology - BTech,New Delhi,India,72 - 88 LPA,8000000
Machine Learning Engineer,Apple,6.9,Bachelor of Technology - BTech,Bengaluru,India,80 - 100 LPA,9000000
Machine Learning Engineer,Apple,1.7,Bachelor of Technology - BTech,HyderƒÅbƒÅd,India,28 - 35 LPA,3150000
Software Engineering Site Lead,Apple,25.6,Master of Business Administration (MBA),Bengaluru,India,4 - 5 LPA (Crores),450000
Machine Learning Engineer,Apple,5.7,Bachelor of Technology - BTech,Bengaluru,India,70 - 87 LPA,7850000
Machine Learning Engineer,Unique Identification Authority of India (UIDAI),2.7,Master of Technology - MTech,Bengaluru,India,24 - 30 LPA,2700000
Software Engineer,Apple,5.0,Bachelor's degree,Bengaluru,India,50 - 62 LPA,5600000
Sdet Lead,Apple,11.7,Master's degree,Bengaluru,India,60 - 75 LPA,6750000
Product Engineer,Instabase,8.2,Master's degree,Bengaluru,India,65 - 80 LPA,7250000
Machine Learning Engineer,PayPal,3.6,Bachelors in Biological Engineering and Masters in Complex systems and dynamics (Dual Degree) ,Bengaluru,India,40 - 50 LPA,4500000
Assistant System Engineer,Tata Consultancy Services,0.8,,Bengaluru,India,6 - 7.5 LPA,675000
AI Engineer 2,IQVIA,7.2,Bachelor of Technology,Bengaluru,India,38 - 46 LPA,4200000
Software Engineer,Bosch Global Software Technologies,4.1,Bachelor of Technology - BTech,Bengaluru,India,18 - 22 LPA,2000000
Senior Machine Learning Engineer,Quantiphi,5.5,Bachelor of Technology - BTech,Bengaluru,India,23 - 28 LPA,2550000
Senior Machine Learning Engineer,Qualcomm,7.1,Masters,Bengaluru,India,48 - 60 LPA,5400000
Staff ML Engineer,ShareChat,8.4,Bachelor's degree,Bengaluru,India,65 - 81 LPA,7300000
Data Engineer,EY,5.5,Bachelor of Engineering,Bengaluru,India,28 - 35 LPA,3150000
"Senior Software Engineer, Machine Learning",Google,10.6,Master of Technology (M.Tech.),Bengaluru,India,85 - 105 LPA,9500000
IT  APPLICATION ENGINEER,ideas 4 Transformation,2.1,Master's degree,Bengaluru,India,8 - 10 LPA,900000
Machine Learning Engineer - 3,Adobe,7.8,Bachelor‚Äôs Degree,Bengaluru,India,80 - 100 LPA,9000000
Senior Data Engineer - II,Rakuten India,11.2,"MS-Post Graduate Program in Data Science,Business Analytics and Big Data",Bengaluru,India,38 - 47.5 LPA,4275000
Machine Learning Engineer,Pascal AI Labs,11.7,Industrial and Systems Engineering,,India,70 - 85 LPA,7750000
Data Scientist,Commonwealth Bank,3.9,Bachelor of Technology ,Bengaluru,India,22 - 27.5 LPA,2475000
Machine Learning Researcher,Sarvam AI,7.2,Bachelor of Technology,Bengaluru,India,48 - 58 LPA,5300000
Assistant Manager - AI/ML Engineer,State Street,10.1,Bachelor of Engineering (B.E.),Bengaluru,India,38 - 46 LPA,4200000
Machine Learning Engineer,Apple,16.8,B.E. Computer Science and M.Sc. Biological Sciences,Indore,India,72 - 90 LPA,8100000
Associate AI/ML Engineer,Optum,9.2,B.Tech,Bengaluru,India,42 - 52 LPA,4700000
Lead Data Scientist (Vice President),Wells Fargo,9.1,Master of Technology (M.Tech.),Bengaluru,India,60 - 75 LPA,6750000
Lead ML Scientist,PayPal,11.0,Bachelor of Technology (B.Tech.),Bengaluru,India,60 - 75 LPA,6750000
Data Scientist,Cepheid,9.9,Master of Science - MS,Bengaluru,India,45 - 56 LPA,5050000
AI Engineer,TARDID Technologies Pvt Ltd,2.6,Master of Computer Applications - MCA,Bengaluru,India,12 - 15 LPA,1350000
ASIC Engineer,Meta,10.3,Master‚Äôs Degree,Bengaluru,India,50 - 60 LPA,5500000
Machine Learning Engineer II,Apple,7.9,Master of Science - MS,HyderƒÅbƒÅd,India,55 - 68 LPA,6150000
Data Engineer,Atlassian,10.1,Bachelor of Technology (BTech),Bengaluru,India,60 - 75 LPA,6750000
Data Scientist-II,UPL,3.5,Bachelor of Technology - BTech,Bengaluru,India,22 - 27 LPA,2450000
Machine Learning Engineer,Sarvam,5.6,Minor Degree,Bengaluru,India,38 - 47 LPA,4250000
Data Analyst,Accenture,8.7,Post Graduate,Bengaluru,India,30 - 37 LPA,3350000
AI ML Computational Science Senior Analyst,Accenture in India,7.2,Master's degree,Chennai,India,23 - 28 LPA,2550000
Data Scientist,Meesho,6.4,Master's degree,Bengaluru,India,"Based on the candidate's strong profile as a Data Scientist with 6.4 years of experience, a Master's degree from Harvard Extension School, and a comprehensive skill set including advanced Machine Learning (Reinforcement Learning, Generative AI, BERT, NLP), Big Data technologies (PySpark, Azure Databricks), and relevant certifications, in the high-paying tech hub of Bengaluru, the estimated annual salary is:

38 - 47.5 LPA",2220000
Machine Learning Engineer,Apple,12.8,Master of Technology (M.Tech.),HyderƒÅbƒÅd,India,90 - 112 LPA,10100000
Machine Learning Engineer,Lyric,5.9,Bachelor of Technology - BTech,Bengaluru,India,32 - 40 LPA,3600000
Data Scientist,InnoWave,3.1,Master's degree,Bengaluru,India,18 - 22 LPA,2000000
Senior ML/LLM Engineer,Qualcomm,6.5,Master of Science - MS,,India,50 - 62.5 LPA,5625000
AI Software Engineer,Qualcomm,3.4,Master of Technology,Bengaluru,India,28 - 34 LPA,3100000
Data Scientist,Ford Motor Company,4.3,Bachelor of Engineering - BE,Bengaluru,India,22 - 27.5 LPA,2475000
Machine Learning Engineer,PayPal,17.0,PCPM,Bengaluru,India,120 - 150 LPA,13500000
Data Science Engineer,SirpiDataScience,2.2,Bachelor of Engineering - BE,Bengaluru,India,16 - 20 LPA,1800000
Software Developer,IBM,4.7,Scaler Academy Software Development Program,Bengaluru,India,29 - 35 LPA,3200000
Sr Machine Learning Engineer,PayPal,6.5,M.Tech,Bengaluru,India,55 - 67 LPA,6100000
Software Engineer II,Amazon Web Services (AWS),5.8,Bachelor of Technology,Bengaluru,India,50 - 60 LPA,5500000
Artificial Intelligence Engineer,"RediMinds, Inc",5.3,Master of Science - MS,,India,30 - 37 LPA,3350000
Associate Director,Ninjacart,16.7,MicroMasters,Bengaluru,India,90 - 110 LPA,10000000
Senior System Software Engineer,NVIDIA,5.7,Master of Technology - MTech,Bengaluru,India,48 - 60 LPA,5400000
Data Scientist III,Flipkart,5.4,MSc,Bengaluru,India,45 - 55 LPA,5000000
Solutions Engineer,TELUS Digital AI Data Solutions,3.2,Bachelor of Engineering - BE,Bengaluru,India,20 - 25 LPA,2250000
Data Scientist,Seagate Technology,1.1,Master of Technology - MTech in AI,Bengaluru,India,13 - 16 LPA,1450000
Data Scientist,Highbrow Technology Inc,3.8,Post graduate Degree,Bengaluru,India,20 - 25 LPA,2250000
Software Engineer,Stripe,4.7,Master of Technology - MTech,Bengaluru,India,58 - 70 LPA,6400000
AI ML Engineer,Airspace Experience Technologies (ASX),6.5,Master of Science - MS,Bengaluru,India,32 - 40 LPA,3600000
DevOps Engineer,Amazon,8.7,Bachelor of Technology - BTech,Bengaluru,India,42 - 52 LPA,4700000
Engineering Manager 1,Refyne India,9.3,Master‚Äôs Degree,Bengaluru,India,45 - 55 LPA,5000000
Lead ML Engineer,ShareChat,9.7,Bachelor of Technology (B.Tech.),Bengaluru,India,55 - 68 LPA,6150000
Principal Data Scientist,Meesho,9.8,Integrated Master of Technology (MTech),Bengaluru,India,85 - 105 LPA,9500000
Lead Data Scientist,American Express,11.2,Masters Artificial Intelligence & Machine Learning,Bengaluru,India,55 - 68 LPA,6150000
Senior Data Scientist,Freshworks,5.6,Integrated B.Tech & M.Tech,HyderƒÅbƒÅd,India,45 - 55 LPA,5000000
Staff Data Scientist 2,OneByZero,11.0,Masters,Bengaluru,India,70 - 85 LPA,7750000
Associate Technical Engineer,Kyndryl India,5.4,Bachelor of Engineering - BE,Bengaluru,India,19 - 23 LPA,2100000
Senior Machine Learning Engineer,Cloudside,2.6,Bachelor of Engineering - BE,,India,17 - 21 LPA,1900000
Product Management Intern,Media.net,7.1,Master of Business Administration - MBA,Bengaluru,India,40 - 50 LPA,4500000
Lead Data Scientist,Publicis Sapient,9.2,Bachelor of Engineering - BE,Pune,India,36 - 45 LPA,4050000
Lead Data Scientist,Nielsen,10.0,Bachelor of Technology - BTech,Bengaluru,India,48 - 60 LPA,5400000
Senior Machine Learning Engineer,Uber,7.8,Master of Technology - MTech,Bengaluru,India,75 - 90 LPA,8250000
Data Scientist,Siemens Technology India,6.4,Master of Technology - MTech,Bengaluru,India,36 - 43 LPA,3950000
Data Analyst,Myntra,2.0,Master of Technology - MTech,Bengaluru,India,12 - 15 LPA,1350000
Senior Data Scientist,EPAM Systems,9.2,Bachelor of Technology - BTech,Bengaluru,India,45 - 55 LPA,5000000
Data Scientist,Deloitte Consulting,5.4,Postgraduate Degree,Bengaluru,India,28 - 34 LPA,3100000
Data Scientist II,Mastercard,5.2,Bachelor of Technology - BTech,Bengaluru,India,45 - 55 LPA,5000000
Senior Machine Learning Engineer,Quantiphi,7.9,Master of Technology - M.Tech,Bengaluru,India,35 - 43 LPA,3900000
Founder,Standard Chartered,7.9,Master of Technology - MTech,Bengaluru,India,45 - 55 LPA,5000000
Cloud AI Engineer,Google,7.9,Bachelor's degree,Bengaluru,India,70 - 85 LPA,7750000
Lead Data Scientist ,Blend,6.4,Bachelor of Technology - BTech,Bengaluru,India,35 - 42 LPA,3850000
Senior Consultant,EXL,7.3,Master of Technology - MTech,Bengaluru,India,32 - 40 LPA,3600000
Machine Learning Engineer 2,Amazon,6.8,Bachelor of Engineering - BE,Bengaluru,India,60 - 75 LPA,6750000
AI Software Engineer,Saigeware Technologies,2.5,Master of Computer Applications - MCA,Bengaluru,India,ERROR,0
Machine Learning Engineer,Tiger Analytics,5.1,Bachelor of Technology - BTech,Bengaluru,India,28 - 35 LPA,3150000
Consultant,Deloitte,7.8,Bachelor of Technology - BTech,Bengaluru,India,28 - 34 LPA,3100000
Data Scientist,Nielsen,4.6,PG Diploma in Data Science,Bengaluru,India,19 - 23 LPA,2100000
Data Engineer,Microsoft,14.2,Bachelor's degree,Bengaluru,India,ERROR,0
SDE,Texas Instruments,11.7, BTech in Electronics & Communication,Bengaluru,India,58 - 72 LPA,6500000
AI Engineer,Veera,5.2,Master of Technology - MTech,Bengaluru,India,ERROR,0
Software Engineer II,Microsoft,6.9,Bachelor of Technology - BTech,Bengaluru,India,ERROR,0
Senior Applied Scientist,Amazon,9.3,Master of Science - MS (Thesis track),Bengaluru,India,ERROR,0
Machine Learning Engineer,Glean,13.3,B.Tech and M.S. by Research,Bengaluru,India,100 - 120 LPA,11000000
Data Scientist 2,Cisco,4.7,Master of Science - MS,,India,ERROR,0
Data Scientist,Jio,7.6,PGDBA,Bengaluru,India,ERROR,0
Software Engineer 1 (AI Team),Es Magico AI Studio,5.8,Bachelor of Technology,GondiƒÅ,India,ERROR,0
ML Engineer,Abacus.AI,12.3,Bachelor of Technology - BTech,Kolkata,India,ERROR,0
Data Engineer,iPUMPNET,0.5,Bachelor's degree,Bengaluru,India,ERROR,0
Senior Engineer,NVIDIA,6.0,Master of Technology,Bengaluru,India,ERROR,0
Lead Data Scientist,Travelopia,6.7,Bachelor of Technology (B.Tech.),Bengaluru,India,ERROR,0
Senior iOS Engineer 4,Walmart Global Tech India,13.8,Master's Degree,Bengaluru,India,ERROR,0
Senior Data Engineer I,McKinsey & Company,11.1,PGD ,Bengaluru,India,ERROR,0
Data Engineer,Ericsson,6.2,Bachelor of Technology - BTech,Bengaluru,India,ERROR,0
Senior Data Engineer,measurebit,8.2,Master of Technology - MTech,Pune,India,ERROR,0
SDE-ML,TELUS Digital AI Data Solutions,3.7,Bachelor of Technology - BTech,Bengaluru,India,ERROR,0
Web Developer,Prodigy InfoTech,1.0,Bachelor of Engineering - BE,Bengaluru,India,ERROR,0
Analytics Engineer,Permaweld Pvt Ltd,2.7,Master of Computer Applications - MCA,Bengaluru,India,ERROR,0
Data Scientist,PhonePe,10.4,Bachelor of Technology (B.Tech.),Bengaluru,India,ERROR,0
"Engineering Lead, Silicon Software",Google,26.2,Executive Program in Communication Strategy for Corporate Leaders,Bengaluru,India,ERROR,0
Senior Data Scientist,Sigmoid,8.4,Integrated Dual Degree (B.tech,Bengaluru,India,ERROR,0
Software Engineer,Millennium,4.5,Bachelor of Technology - BTech,Bengaluru,India,ERROR,0
Data Scientist,Shuru App,8.6,Bachelor's degree,Bengaluru,India,ERROR,0
Data Scientist,IBM,10.2,Master of Technology - MTech,,India,ERROR,0
Senior Machine Learning Engineer I,Eli Lilly and Company,6.0,Executive PG in Machine Learning & Artificial Intelligence,Bengaluru,India,ERROR,0
Senior Engineering Manager,Microsoft,13.6,Bachelor of Engineering (B.E.),Bengaluru,India,ERROR,0
Data Engineer,Opendoor,5.0,Master's degree,Bengaluru,India,ERROR,0
Senior Data Scientist,Fractal,8.8,Bachelor of Technology (B.Tech.),Bengaluru,India,45 - 55 LPA,5000000
IT Analyst | Sr. Big Data Engineer,Tata Consultancy Services,4.8,M.Sc. Big Data Analytics,Bengaluru,India,ERROR,0
Senior Data Scientist,IBM,8.8,Bachelor of Engineering - BE,Bengaluru,India,ERROR,0
Senior Data Scientist,CGI,5.1,Bachelor's degree,Bengaluru,India,24 - 30 LPA,2700000
Consultant,Tredence Inc.,3.2,B.tech,Bengaluru,India,ERROR,0
AI/ML Engineer,INITVALUE,1.2,B. Tech,Bengaluru,India,ERROR,0
Machine Learning Engineer,Shodh AI,4.8,MSIT: Artificial Intelligence ,Bengaluru,India,ERROR,0
AI/ML Engineer,Aptiv,9.4,Bachelor's degree,Bengaluru,India,ERROR,0
Senior AI/ML Engineer,Brillio,4.3,Master of Technology - MTech,Bengaluru,India,ERROR,0
ML Engineer,Apple,8.9,Bachelors and Masters,Bengaluru,India,ERROR,0
Software Engineer,CSM Technologies,5.2,Bachelor of Technology - BTech,Bengaluru,India,ERROR,0
Machine Learning Engineer,Deloitte,5.1,Bachelor of Engineering - BE,Bengaluru,India,ERROR,0
Machine Learning Engineer,Tata Communications,1.8,Bachelor of Engineering - BE,Bengaluru,India,ERROR,0
ML Engineer,SAP,10.3,Master of Technology - MTech,Bengaluru,India,ERROR,0
ML Engineer ,Skillmine Technology,3.1,Master of Science - MS,Bengaluru,India,ERROR,0
AI/ML Engineer,Chevron,10.8,Master of Technology - MTech,Bengaluru,India,ERROR,0
AI ML Engineer,Tata Elxsi,1.4,Postgraduate Degree,Bengaluru,India,ERROR,0
AI/ML Engineer,JPMorgan Chase & Co.,8.2,Master of Technology - MTech,Bengaluru,India,ERROR,0
SDE 2,WizCommerce,6.2,Bachelor of Technology - BTech,Bengaluru,India,ERROR,0
Python Developer - AI/ML,TAO The Automation Office,3.6,B.Tech,Bengaluru,India,ERROR,0
Machine Learning Lead,LightBeam.ai,8.8,Dual Degree (B.Tech  + M.Tech),Bengaluru,India,ERROR,0
Machine Learning Engineer,Varaha,4.1,Bachelor of Technology - BTech,Bengaluru,India,ERROR,0
Lead Engineer,Samsung India,2.5,Dual Degree (B.Tech + M.Tech),Bƒ´kaner,India,ERROR,0
AI/ML Engineer ,Oneindia,2.1,Bachelor of Technology - BTech,Bengaluru,India,ERROR,0
Data Associate,UNICEF,3.1,Master of Technology - MTech,Bengaluru,India,ERROR,0
ML Engineer,Widas Group,9.8,Master of Technology - MTech,Bengaluru,India,ERROR,0
Senior Machine Learning Engineer,Razorpay,5.0,Bachelor of Technology - BTech,Bengaluru,India,ERROR,0
Data Scientist,ExxonMobil,4.9,Master of Technology - MTech,,India,ERROR,0
AI/ML Data Engineer,"ReSurfX, Inc.",4.7,Master of Science - MS in Information Systems,Bengaluru,India,ERROR,0
Machine Learning Engineer,Figr,1.0,Bachelor of Technology - BTech,Bengaluru,India,ERROR,0
Sr AI/ML Engineer,Optum,10.6,Master of Science - MS,Bengaluru,India,ERROR,0
AI ML Engineer ,BCITS PVT LTD,2.0,Bachelor of Science - BS,Bengaluru,India,ERROR,0
Machine Learning Engineer - Internship,Cloudside,0.6,Bachelor of Technology - BTech,Bengaluru,India,ERROR,0
ML Engineer,SpotDraft,3.2,Bachelor of Engineering - BE,Bengaluru,India,ERROR,0
Senior Staff Machine Learning Engineer,Palo Alto Networks,10.7,Master of Science - MS,Bengaluru,India,ERROR,0
Associate II  (AI/ML Engineer),Capgemini Engineering,3.0,Bachelor of Engineering - BE,Bengaluru,India,ERROR,0
Staff ML Engineer,Samsung R&D Institute India - Bangalore,9.9,Doctor of Philosophy - PhD,Bengaluru,India,ERROR,0
Machine Learning Engineer (LLM Engineer),Onelab Ventures,4.4,Master's degree,Bengaluru,India,ERROR,0
Software Trainee,SUDEEKSHA Technologies,0.5,Bachelor of Engineering - BE,Bengaluru,India,ERROR,0
ML Engineer,Samsung R&D Institute India,5.0,Integrated Mtech,Bengaluru,India,ERROR,0
Lead ML Engineer,Razorpay,9.9,Bachelor of Technology,,India,ERROR,0
AI Ml Engineer ,Wald.ai,3.8,Bachelor of Technology - BTech,Bengaluru,India,ERROR,0
Machine Learning Engineer,FlyFin AI,3.6,Bachelor of Technology - BTech,Bengaluru,India,ERROR,0
Machine Learning Engineer,Microsoft,8.5,B.Tech,Bengaluru,India,ERROR,0
Software Engineer 3 (Data & Platform),Cisco,7.5,Bachelor of Technology,Bengaluru,India,ERROR,0
Senior Data Scientist,LSEG (London Stock Exchange Group),8.3,Postgraduate Degree,Bengaluru,India,ERROR,0
Associate (Machine Learning Engineer),PwC,2.2,Master of Technology - MTech,Bengaluru,India,ERROR,0
AI/ML Engineer,"Adapt Ready, Inc.",1.6,Master of Computer Applications - MCA,Bengaluru,India,ERROR,0
AI/ML Engineer,NIDEC Advance Technology India,2.2,Bachelor of Engineering,Bengaluru,India,ERROR,0
AI Engineer,uCube.ai,2.6,Master of Science - MS,Bengaluru,India,ERROR,0
Senior AI/ML Engineer II,ConnectWise,11.2,Bachelor's Degree,Bengaluru,India,ERROR,0
AI Engineer,SuperAGI,6.7,Master of Science - MS,Bengaluru,India,ERROR,0
Al/ML engineer ,HireRight,5.0,Bachelor of Technology - BTech,Bengaluru,India,ERROR,0
Junior Data Engineer,7Dxperts,2.8,Master's degree,Bengaluru,India,ERROR,0
"Software Engineer III, AI/ML",Google,5.8,Bachelor of Technology,Bengaluru,India,ERROR,0
Junior Artificial Intelligence Developer,Tinos Software and Security Solutions LLP,1.9,Diploma,Cochin,India,ERROR,0
AI Solution Engineer,IBM,5.7,Bachelor's degree,Bengaluru,India,ERROR,0
AI/ML Engineer,Genista Biosciences,4.4,Master of Technology - MTech,Bengaluru,India,ERROR,0
Machine Learning Engineer,A.P. Moller - Maersk,3.5,Diploma of Education,Bengaluru,India,ERROR,0
AI/ML Engineer,Unique Identification Authority of India (UIDAI),9.8,Bachelor of Technology - BTech,Bengaluru,India,ERROR,0
Software Developer 3,MapmyIndia,1.3,Bachelor of Technology - BTech,Bengaluru,India,ERROR,0
AI Engineer,RIME SOFT,3.8,Bachelor of Technology - BTech,Bengaluru,India,ERROR,0
Senior ML Engineer,Observe.AI,4.0,Master of Technology - MTech,Bengaluru,India,ERROR,0
Chief Technology Officer,Yum Annapurna,0.8,Bachelor of Technology - BTech,Bengaluru,India,ERROR,0
Machine Learning Engineer,Motive,6.8,Post Graduate Program,Bengaluru,India,ERROR,0
Senior ML Engineer,Google,8.4,B. Tech. (Hons.),Bengaluru,India,ERROR,0
AIML Engineer ,WebMobi 360 | B2B AIML Solutions,0.5,Msc,,India,ERROR,0
Software Engineer,Texas Instruments,7.2,Bachelor of Technology - BTech,Bengaluru,India,ERROR,0
Senior Applied AI Scientist,Best Buy,7.9,Bachelor's degree,HyderƒÅbƒÅd,India,ERROR,0
Machine Learning Engineer,NoBroker.com,1.9,Master of Science - MS,Bengaluru,India,ERROR,0
Machine Learning Engineer,Morgan Stanley,4.2,Master of Science,Bengaluru,India,ERROR,0
Lead Consultant - AI/ML Engineer ,Genpact,4.9,Master of Science - MS,Bengaluru,India,ERROR,0
Lead ML Engineer,Delta Technology Hub,9.9,Bachelor of Technology - BTech,Bengaluru,India,ERROR,0
Catalyst Engineer,Cisco,1.7,Bachelor of Technology - BTech,Bengaluru,India,15 - 18 LPA,1650000
AI ML Engineer,DATASPARK AI SOLUTIONS,8.5,M.Tech,Bengaluru,India,ERROR,0
Sr. Applied ML Engineer,Mindtickle,7.1,Bachelor of Technology,Bengaluru,India,ERROR,0
Software engineer 1,Tessolve,0.9,Bachelor of Engineering - BE,Bengaluru,India,ERROR,0
Machine Learning Engineer - IV,Groww,11.2,Bachelor of Technology (B.Tech.),Bengaluru,India,ERROR,0
Assistant ML Engineer - Trainee ,Capsitech,1.7,Bachelor of Technology - BTech,Bengaluru,India,ERROR,0
Data Scientist,Replicon,15.1,PGP in Big Data Analytics and Optimization,,India,ERROR,0
Machine Learning Engineer,PayPal,7.0,Industrial Mathematics and Scientific Computing (IMSC),Chennai,India,ERROR,0
Machine Learning Engineer,Prescience Decision Solutions,6.2,BTech - Bachelor of Technology,Bengaluru,India,ERROR,0
Machine Learning Engineer,iMerit Technology,1.6,Dual Degree,,India,ERROR,0
Senior Machine Learning Engineer,Airbnb,14.7,Post Graduate Diploma in Machine Learning & AI (PGDML&AI),Bengaluru,India,ERROR,0
Technical Lead Manager,Coinbase,14.8,Master of Science - MS,Bengaluru,India,ERROR,0
AI & ML Engineer,Hewlett Packard Enterprise,11.1,Master of Science,Bengaluru,India,ERROR,0
Machine Learning Engineer,Deloitte,5.2,Master of Science,Bengaluru,India,ERROR,0
Machine Learning Engineer,Rakuten India,6.3,Bachelor of Technology,Bengaluru,India,ERROR,0
Lead ML Engineer,ASAPP,10.2,Dual Degree (BTech + MTech),Bengaluru,India,ERROR,0
Design Lead,Google Developer Student Club - BIT Bangalore,1.3,Bachelor of Engineering - BE,Bengaluru,India,ERROR,0
Data Scientist - II,DocLens.ai,3.1,Dual Degree (B.Tech + M.Tech) - 5 years,Bengaluru,India,ERROR,0
Founding Engineer ,Stealth Startup,7.1,Bachelor of Technology,Bengaluru,India,ERROR,0
Machine Learning Engineer,Quantiphi,7.8,Bachelor of Technology - BTech,BokƒÅro,India,ERROR,0
Senior Applied Scientist,Myntra Fashion,8.8,Master of Technology - MTech,Bengaluru,India,ERROR,0
AI ML Engineer,Aventra Group,3.2,Bachelor of Technology - BTech,Bengaluru,India,ERROR,0
Senior Business Analyst,Meesho,6.3,Master's degree,Bengaluru,India,ERROR,0
Machine Learning Engineer,TheHouseKraft,1.7,Bachelor of Engineering - BE,Bengaluru,India,ERROR,0
Senior ML Engineer - SMTS,Salesforce,8.6,B.Tech,,India,ERROR,0
AI/ML Engineer ,SETV global,0.7,Bachelor of Technology - BTech,Bengaluru,India,ERROR,0
AI/ML Engineer,Foundry,11.2,Bachelor of Technology - BTech,Bengaluru,India,ERROR,0
Data Scientist / ML Engineer,Satyukt Analytics,4.0,Master of Technology,Bengaluru,India,ERROR,0
Developer ll - Software Engineering,UST,2.9,Bachelor's degree,Udupi,India,ERROR,0
Consultant,Tredence Inc.,3.2,B.Tech,Bengaluru,India,ERROR,0
Machine Learning Engineer,Google,4.8,Bachelor of Technology - BTech,Bengaluru,India,ERROR,0
Machine learning,Compsoft Ltd,0.2,Bachelor of Engineering - BE,Bengaluru,India,ERROR,0
,,,Bachelor of Technology - BTech,Bengaluru,India,0 INR,0
Cloud ML & Compiler Engineer,Qualcomm,4.9,Master of Science - MS,Bengaluru,India,ERROR,0
Senior AI ML engineer ,EY,5.3,Master of Technology - MTech,Bengaluru,India,ERROR,0
Software Engineer,Cryonix.,1.5,BE,Bengaluru,India,ERROR,0
Senior Engineer,Qualcomm,3.3,Master of Technology - MTech,Bengaluru,India,ERROR,0
Lead ML Engineer,Visa,21.6,Postgraduate Degree diploma in datascience ,Bengaluru,India,105 - 130 LPA,11750000
Ml Engineer ,Pro Solutions,1.2,PGPDSE,HyderƒÅbƒÅd,India,ERROR,0
AI/ML,HCLTech,4.8,Bachelor of Engineering - BE,Bengaluru,India,ERROR,0
AI and ML engineer ,Kirusa,3.8,Master of Science - MS,Bengaluru,India,ERROR,0
Data Scientist,Sigmoid,3.3,B.Tech - M.Tech,Bengaluru,India,ERROR,0
 AI/ML Engineer,Arrowhead,2.1,Bachelor of Technology - BTech,Bengaluru,India,ERROR,0
Senior ML Engineer ,Visa,6.1,Master of Technology - MTech,Bengaluru,India,ERROR,0
Senior ML Engineer,Sanas,7.2,Bachelor of Technology,Bengaluru,India,ERROR,0
AI/ML Engineer,HireRight,5.8,Bachelor of Technology,Bengaluru,India,ERROR,0
Generative AI Engineer,Yarnit,1.9,Bachelor of Technology,Bengaluru,India,ERROR,0
Lead ML Engineer,Cisco,8.8,Master of Technology - MTech,Bengaluru,India,ERROR,0
AI/ML Engineer,Project Karna,1.8,MSc ,Bengaluru,India,ERROR,0
Founding Engineer (ML),OrbitShift.AI,8.4,Bachelor‚Äôs Degree,Bengaluru,India,ERROR,0
Senior Data Scientist,Voya India,9.7,Bachelor of Engineering - BE,Bengaluru,India,ERROR,0
AI/ML Engineer,Google,2.2,Master of Science - MS,Bengaluru,India,ERROR,0
Senior Consultant,Infosys,9.7,B.Tech,Bengaluru,India,ERROR,0
Software Engineer,Visionet Systems Inc.,1.2,Bachelor of Technology - BTech(4 years),Bengaluru,India,ERROR,0
Principal machine learning engineer,AB InBev,7.6,Master of Science,Bengaluru,India,ERROR,0
Senior Staff AI/ML engineer,Enphase Energy,11.0,Master of Technology - MTech,,India,ERROR,0
Machine Learning Engineer,Convin,3.7,Dual Degree(BTech + MTech),Bengaluru,India,ERROR,0
Machine Learning Engineer,Meta,8.2,Bachelor of Technology - BTech,,India,ERROR,0
Senior AI/ML Engineer,Accenture,6.5,B.tech,Bengaluru,India,ERROR,0
Senior Machine Learning Engineer,Epsilon,8.5,Bachelor's degree,Bengaluru,India,ERROR,0
AI Developer L1,Wipro,3.3,Bachelor of Technology - BTech,,India,ERROR,0
AI/ML Engineer,Biodesign Innovation Labs,3.2,Master's degree,Bengaluru,India,ERROR,0
Software Engineer III - Machine Learning,Google,5.1,Bachelor of Technology - BTech,Bengaluru,India,ERROR,0
Associate AI/ML engineer ,Unisys,1.2,PURSUING BTECH IN ARTIFICIAL INTELLIGENCE AND MACHINE LEARNING,Bengaluru,India,ERROR,0
Senior ML Engineer,SANAS,7.7,Bachelor‚Äôs Degree,Bengaluru,India,ERROR,0
Engineer trainee,Comviva,0.2,Bachelor of Engineering - BE,Bengaluru,India,ERROR,0
Computer Science Student,SRM University,5.2,Bachelor of Technology - BTech,Tiruchirappalli,India,ERROR,0
Machine Learning Engineer,Tiger Analytics,4.0,B.Tech,Kota,India,ERROR,0
Senior ML Engineer,Adobe,16.3,Doctor of Philosophy (PhD),Bengaluru,India,ERROR,0
Machine Learning Engineer 2,Adobe,6.5,Bachelor of Technology - BTech,,India,ERROR,0
AI ML Engineer & Open Source Cordinator ,CareerCrush Labs,4.2,,HyderƒÅbƒÅd,India,ERROR,0
Senior AI and ML Engineer,Deloitte,6.8,Bachelor of Engineering - BE,Bengaluru,India,ERROR,0
AI/ML Engineer,QpiAI ,5.8,Bachelor of Technology - BTech,Bengaluru,India,ERROR,0
ML Engineer ll,MiQ,5.8,Bachelor's degree,Bengaluru,India,ERROR,0
Senior AI/ML Engineer,Qualcomm,8.2,Bachelor of Technology - BTech,Bengaluru,India,ERROR,0
Senior Machine Learning Engineer,Qualcomm,5.3,Master of Technology - MTech,Bengaluru,India,ERROR,0
Software Engineer III - AI/ML,Google,14.8,MS by Research,Bengaluru,India,ERROR,0
Senior AI ML Engineer,Brillio,7.8,BE - Bachelor of Engineering,Bengaluru,India,ERROR,0
Data Scientist - Ml Engineer ,Scageon,2.1,Bachelor's degree,Bengaluru,India,ERROR,0
Lead Data Scientist,Jio Platforms Limited (JPL),7.2,Bachelor of Engineering - BE,Bengaluru,India,ERROR,0
Machine Learning Engineer,Radome Technologies & Services,2.1,Bachelor of Engineering - BE,Bengaluru,India,ERROR,0
Club President,VIDYUTH -EEE FORUM ,2.1,Minor Degree,Bengaluru,India,ERROR,0
Software Engineer,Wipro,3.8,Bachelor of Technology - BTech,Bengaluru,India,ERROR,0
Senior AI Machine Learning Engineer,Best Buy‚Ñ¢ India,8.8,Bachelor of Engineering - BE,Bengaluru,India,ERROR,0
Cultural Coordinator,FACIT - Forum of Cultural and Technical Excellence,4.2,Bachelor of Technology - BTech,Bengaluru,India,ERROR,0
Astrodynamics Engineer ,Digantara,12.2,Bachelor of Technology - BTech,Bengaluru,India,ERROR,0
AI/ML Engineer ,Tata Consultancy Services,2.1,Bachelor of Technology - BTech,Bengaluru,India,ERROR,0
Senior Lead Data Scientist,slice,8.9,Bachelor's Degree,Bengaluru,India,ERROR,0
ML Platform Engineer,Abacus.AI,2.2,Bachelor of Technology - BTech,Bengaluru,India,ERROR,0
AI/ML Engineer,Meril,4.0,Bachelor of Engineering,Bengaluru,India,ERROR,0
Senior (ML) Engineer,Bosch Global Software Technologies,3.5,Master of Technology - MTech,Bengaluru,India,ERROR,0
Technology Analyst,Infosys,3.8,Bachelor of Engineering - BE,Bengaluru,India,ERROR,0
Senior ML Engineer,Fractal,6.6,Bachelor of Engineering,Bengaluru,India,ERROR,0
Senior Machine Learning Engineer,Visa,4.8,Bachelor of Technology - BTech,Bengaluru,India,ERROR,0
Software Engineer,CGI,2.4,Bachelor of Technology - BTech,Bengaluru,India,ERROR,0
Teaching Assistant (TA) ‚Äì Data Science in Practice,Indian Institute of Science (IISc),2.7,Master of Technology - MTech,Bengaluru,India,ERROR,0
"Software Engineer, ML Compilers",Google,13.8,Master of Science (M.Sc.),Bengaluru,India,ERROR,0
Engineer,Qualcomm,3.8,Master of Technology - MTech,Bengaluru,India,ERROR,0
Senior AI/ML Engineer,Brillio,3.1,Master of Science - MS,Bengaluru,India,ERROR,0
Data Science Intern ,Luminar Technolab,0.7,Bachelor of Technology - BTech,Kannur,India,ERROR,0
Data & ML Engineer | Senior Consultant,Thoughtworks,12.2,Bachelor of Technology - BTech,Bengaluru,India,ERROR,0
Senior Machine Learning Engineer,Qualcomm,4.2,M.Tech,Bengaluru,India,ERROR,0
Senior Machine Learning Engineer,Quantiphi,6.2,Master of Technology - MTech,Bengaluru,India,ERROR,0
 AI Engineer ,Certainti.Ai,0.3,,Erode,India,ERROR,0
Amateur Rocketeer,,2.2,B.Tech,Bengaluru,India,0 INR,0
ML Engineer ,Datafoundry,1.8,MSc ,Bengaluru,India,ERROR,0
,,,Bachelor of Engineering - BE,Bengaluru,India,0 INR,0
NLP Analyst,Objectways,4.2,Master of Science,Salem,India,ERROR,0
Data science and Machine learning (AI for Skilling) ,nasscom,0.5,Bachelor's degree,Bengaluru,India,ERROR,0
Senior AI/ML Engineer,HP,8.2,Master's degree,Bengaluru,India,ERROR,0
DataScience Consultant,Deloitte,5.1,Master's degree,Bengaluru,India,ERROR,0
Senior Data Scientist,Turing,8.7,Master of Technology - MTech,Bengaluru,India,ERROR,0
Senior CAE Analyst,Mercedes-Benz Research and Development India,4.4,M. Tech,Bengaluru,India,ERROR,0
Data Scientist,Citi,10.0,Bachelor of Engineering,,India,ERROR,0
Senior Consultant,Deloitte,7.7,Bachelor‚Äôs Degree,Bengaluru,India,ERROR,0
Assistant Professor,"Christ University, Bangalore",10.1,Doctor of Philosophy - PhD (pursuing),Bengaluru,India,ERROR,0
Technical Coordinator,The Scalers üöÄ,21.3,Bachelor‚Äôs Degree,Bengaluru,India,ERROR,0
Co-Founder and CTO,MarianaAI,7.2,Bachelor of Engineering - BE,Bengaluru,India,ERROR,0
Machine Learning Scientist - 2,Coursera,8.1,BTech - Bachelor of Technology,Bengaluru,India,ERROR,0
Consultant II - Analytics and Data Sciences,Eli Lilly and Company,11.0,Mtech in Artificial Intelligence and Machine Learning ,Bengaluru,India,ERROR,0
NLP Data Scientist ,ConcertAI,1.9,Master of Technology - MTech,Bengaluru,India,ERROR,0
Associate Consultant,KPMG Global Services,11.8,Master of Technology - MTech,Bengaluru,India,ERROR,0
CRM Analyst Intern,FreshToHome,6.8,Btech,Bengaluru,India,ERROR,0
Machine Learning Engineer,MPS Limited,3.0,Master's degree,,India,ERROR,0
Ground Staff,Bangalore International Airport Ltd,1.7,Bachelor of Business Administration,Bengaluru,India,ERROR,0
Python Developer,OctaNet Services Pvt Ltd.,1.2,Bachelor of Technology - BTech,Chennai,India,ERROR,0
Data Scientist,Deloitte,7.0,Bachelor of Engineering,Bengaluru,India,ERROR,0
"Senior Data Scientist, Architect",Omdena,22.5,Post Graduate Diploma in Machine Learning and Artificial Intelligence,Bengaluru,India,ERROR,0
Associate Data Analyst,Genpact,2.7,Bachelor of Technology - BTech,Bengaluru,India,ERROR,0
Kaggle Notebooks Expert,Kaggle,3.6,Master of Technology - MTech,Bengaluru,India,ERROR,0
AI and ML Intern,Zephyr Technologies and Solutions PVT LTD,0.4,Bachelor of Engineering - BE,Bengaluru,India,ERROR,0
Software Engineer ML,Myntra,3.1,Bachelor of Technology - BTech,Bengaluru,India,ERROR,0
Staff Machine Learning Engineer,ServiceNow,8.7,Engineer's Degree,HyderƒÅbƒÅd,India,ERROR,0
Senior Lead AI/ML Engineer,Siemens Advanta,18.1,Master of Technology - MTech,Bengaluru,India,ERROR,0
Associate (SDE II),Goldman Sachs,5.9,Bachelor of Engineering (Hons.),Bengaluru,India,ERROR,0
AL/ML Computational Science Specialist,Accenture in India,9.3,Masters in Control Systems,Bengaluru,India,ERROR,0
Senior Executive Estate Management,Kalpataru Limited,7.2,Msc Mathematics ,Mumbai,India,ERROR,0
Principal Data Scientist,Informatica,14.5,Master of Technology - MTech,Bengaluru,India,ERROR,0
Machine Learning Engineer 1,Salesken,1.8,Master of Science - MS,Bengaluru,India,ERROR,0
Applied Scientist,Philips,9.1,Bachelor of Technology - BTech,Bengaluru,India,ERROR,0
Product Leader,Ford Motor Company,18.1,PGDM,Bengaluru,India,ERROR,0
Data Scientist,PW Skills,3.2,Bachelor of Technology - BTech,,India,ERROR,0
AI/ML Engineer,Eximietas Design,1.5,Bachelor of Engineering - BE,Bengaluru,India,ERROR,0
AI/ML Engineer ,Accenture,4.0,Bachelor of Engineering - BE,Bengaluru,India,ERROR,0
Technical Solutions Engineer (Data & ML),Databricks,6.0,Bachelor of Technology - BTech,Bengaluru,India,ERROR,0
Software Engineer III - AI/ML,Google,3.6,MS(Research) - Computer Science,Bengaluru,India,ERROR,0
AI/ML Engineer Intern,WebMobi 360 | B2B AIML Solutions,1.0,Bachelor of Technology - BTech,Bengaluru,India,ERROR,0
Senior Machine Learning Engineer,Atlassian,5.9,Bachelor of Technology,Bengaluru,India,ERROR,0
ML Engineer,Ayna,9.2,Bachelor of Technology - BTech,Bengaluru,India,ERROR,0
Staff ML Engineer,Cureskin,20.7,M.Sc. Integrated Economics,Bengaluru,India,ERROR,0
Spark and ML Solutions Engineer,Databricks,6.3,Master of Technology - MTech,Bengaluru,India,ERROR,0
Machine Learning Engineer,Meesho,4.2,Bachelor of Technology - BTech,Bengaluru,India,ERROR,0
Senior Consultant(Deputy Manager),Deloitte,9.2,Master of Computer Applications - MCA,Bengaluru,India,ERROR,0
AI/ML Engineer,Rootent Technologies,2.3,Bachelor of Technology - BTech,Bengaluru,India,ERROR,0
AI/ML Engineer ,Chubb,1.5,Bachelor of Technology - BTech,Bengaluru,India,ERROR,0
Staff ML Engineer,Visa,8.3,B.Tech,Bengaluru,India,ERROR,0
Software Engineer III,Google,4.2,Dual Degree,Bengaluru,India,ERROR,0
AI Engineer,Infosys BPM,1.4,Master's degree,Bengaluru,India,ERROR,0
AI/ML Engineer,HireRight,5.6,Bachelor's degree,Bengaluru,India,ERROR,0
Machine Learning Engineer,Accenture,5.7,Bachelor‚Äôs Degree,Bengaluru,India,ERROR,0
AI/ML - Engineer,CRM Portals LLC,3.2,Advanced Machine Learning & AI,Bengaluru,India,ERROR,0
Senior AI/ML Engineer,Cyncly,7.8,Dual Degree (B.Tech+M.Tech),Bengaluru,India,ERROR,0
Engineer,Google,1.6,Bachelor of Engineering - BE,Bengaluru,India,ERROR,0
Senior Machine Learning Engineer,Quantiphi,4.5,Bachelor's degree,Bengaluru,India,ERROR,0
Senior AI/ML Engineer,STG ‚Äì Symphony Technology Group,10.3,Master of Science - MS,Bengaluru,India,ERROR,0
Associate ML Engineer,Prescience Decision Solutions,2.3,Bachelor of Technology - BTech,Bengaluru,India,ERROR,0
Senior AI ML Engineer - II,Chubb,8.0,Bachelor of Engineering - BE,Bengaluru,India,ERROR,0
Machine Learning Engineer II,FactSet,5.3,PG Diploma,Machilƒ´patnam,India,ERROR,0
Lead Software Engineer,Samsung R&D Institute India,8.8,Bachelor's degree,Bengaluru,India,ERROR,0
Software Engineer,Terrific Minds,0.8,Master of Science - MS,Bengaluru,India,ERROR,0
SDE -1 (GenAI),Scrut Automation,2.5,Bachelor of Engineering - BE,Bengaluru,India,ERROR,0
Senior Machine Learning Engineer,ServiceNow,8.1,Bachelor of Technology - BTech,Bengaluru,India,ERROR,0
AI/ML Engineer,Proeffective IT Services - Cloud enablers - Elevate your excellence - Scale to the Sky,2.1,Bachelor's degree,Bengaluru,India,ERROR,0
AI ML Engineer,DATANOVELTECH PRIVATE LIMITED,2.9,Master of Technology - MTech  ,Bengaluru,India,ERROR,0
Computer Vision Engineer,VideoVerse,5.8,Bachelor of Technology - BTech,Bengaluru,India,ERROR,0
Data Scientist,Indium ,6.1,Bachelor of Engineering - BE,Bengaluru,India,ERROR,0
Senior Associate Consultant,Infosys,5.8,M. Tech,Bengaluru,India,ERROR,0
AI/ML engineer,Publicis resources,3.8,BSC [PCM],Bengaluru,India,ERROR,0
AI/ML Engineer,Karkinos Healthcare,1.4,PGP in Artificial intelligence and Data science ,,India,ERROR,0
AI/ML Software Engineer ,SiMa.ai,6.5,Master of Technology - MTech,Bengaluru,India,ERROR,0
AI & ML Engineer,Google,14.8,Bachelor's degree,Bengaluru,India,ERROR,0
Software Engineer - ML III,Walmart Global Tech,3.3,Bachelor of Technology - BTech,Bengaluru,India,ERROR,0
AI & ML Engineer,Tata Consultancy Services,0.6,Bachelor of Technology - BTech,Bengaluru,India,ERROR,0
Senior Machine Learning Engineer,Adobe,12.9,Integrated Post Graduation(B.Tech+M.Tech),Bengaluru,India,ERROR,0
Machine Learning Engineer 3,Adobe,10.4,Bachelor's degree,Delhi,India,ERROR,0
Senior Machine Learning Engineer,ServiceNow,2.7,Master of Technology - MTech,Bengaluru,India,ERROR,0
Senior AI/ML Engineer,JLR,5.7,M.Tech,Bengaluru,India,ERROR,0
AI/ML Engineer 1,Hacklab Solutions,2.0,Master of Science - MS,Bengaluru,India,ERROR,0
"SDE II, ML Platform",Meesho,5.2,Bachelor of Technology (Hons.),Bengaluru,India,ERROR,0
Associate 2 - AI & ML Engineer,State Street,1.9,Bachelor of Technology - BTech,Bengaluru,India,ERROR,0
Advanced Data Science Associate ,ZS,5.4,Bachelor of Technology - BTech,Bengaluru,India,ERROR,0
Machine Learning Engineer,SAP,7.4,PGP,Bengaluru,India,ERROR,0
AI and ML Engineer ,AIvolved Technologies,1.8,Bachelor of Technology - BTech,Bengaluru,India,ERROR,0
Senior AI/ML Engineer ,Brillio,4.4,B.voc,Bengaluru,India,ERROR,0
"Software Engineer, ML",Google,5.5,Master of Science - MS,Bengaluru,India,ERROR,0
SSE,Publicis Groupe,6.4,Master of Engineering - MEng,Bengaluru,India,ERROR,0
Associate GenAI Lead,ShellKode,7.5,Bachelor of Commerce - BCom,Bengaluru,India,ERROR,0
Machine Learning Engineer,Meta,8.8,Bachelor of Technology in Chemical Engineering,Bengaluru,India,ERROR,0
Artificial Intelligence Engineer,SimplyFI,4.8,Bachelor's degree,Bengaluru,India,ERROR,0
Senior AI/ML Engineer,Apexon,9.2,Master of Business Administration - MBA,Bengaluru,India,ERROR,0
Data Scientist,AppSquadz,0.9,Data Analyst,Noida,India,ERROR,0
Senior AI/ML Engineer,Omnicom Media Group,6.7,Bachelor of Technology - B.Tech,Bengaluru,India,ERROR,0
Software Engineer,Seosaph-infotech,1.8,Bachelor of Engineering - BE,Bengaluru,India,ERROR,0
AI/ML Engineer,"Auksight Consulting Pvt. Ltd.,",1.8,Post Graduate Program ,Bengaluru,India,ERROR,0
"Software Engineer, AI/ML",Hidden Brains InfoTech Pvt. Ltd.,4.3,Bachelor of Technology - BTech,Bengaluru,India,ERROR,0
AI Engineer,appnai,2.4,M.sc data science ,Bengaluru,India,ERROR,0
Staff ML Engineer,ServiceNow,16.5,Master of Technology (M.Tech.),Bengaluru,India,ERROR,0
Senior AI ML Engineer,STG Labs,18.3,Master of Business Administration (M.B.A.),Bengaluru,India,ERROR,0
Associate Software Engineer,Rudhra Info Solutions,3.4,Bachelor's degree,Bengaluru,India,ERROR,0
AI/ML Engineer,Kyndryl,7.7,Master of Technology - MTech,Bengaluru,India,ERROR,0
Machine Learning,DaveAI,0.7,Bachelor of Technology - BTech,Bengaluru,India,ERROR,0
AI / ML Engineer,AT&T,2.9,Bachelor of Technology - BTech,Bengaluru,India,ERROR,0
Senior Machine Learning Engineer,Oracle,8.1,Master of Science - MS,Bengaluru,India,ERROR,0
Associate ML Engineer ,Tekion Corp,2.7,Bachelor of Technology - BTech,Bengaluru,India,ERROR,0
,,,BCA ,Bengaluru,India,0 INR,0
Data Scientist,Rubixe -  AI Solutions Company,1.6,Bachelor of Engineering - BE,Bengaluru,India,ERROR,0
AVP - Data Science,Citi,9.7,Master of Technology (M.Tech.),Bengaluru,India,ERROR,0
Lead Engineer - AI/ML Platform & Operations,Carrier India,9.2,B. Tech,Bengaluru,India,ERROR,0
Associate Product Manager - AI,Boss Wallah,2.6,Master's degree,Bengaluru,India,ERROR,0
Software Development Intern,Vitals7,0.7,Bachelor of Engineering - BE,Bengaluru,India,ERROR,0
Full Stack Developer,Swiftmed (Sikdar Technologies Pvt. Ltd.) ,0.3,Master of Computer Applications - MCA,Bengaluru,India,ERROR,0
Android Developer Intern,Tamizhan Skills,0.8,,,India,ERROR,0
Software Engineer,CoffeeWeb.com,2.9,Master of Computer Applications - MCA,Bengaluru,India,ERROR,0
Mobile Application Developer,OptimallyMe,4.1,Bachelor of Engineering - BE,Bengaluru,India,ERROR,0
Mobile Application Developer,Neuronest AI Pvt Ltd,1.7,Bachelor of Engineering - BE,Madurai,India,ERROR,0
IT Analyst,Tata Consultancy Services,7.8,Master of Computer Applications - MCA,Chennai,India,ERROR,0
Software Engineer,STMicroelectronics,0.5,Bachelor of Technology - BTech,Bengaluru,India,ERROR,0
SDE,Suthra Technologies Inc,1.5,,Vijayawada,India,ERROR,0
Software Development Intern,Labsmart,3.6,Bachelor of Technology - BTech,Bengaluru,India,ERROR,0
Android Developer,Accenture,7.5,Bachelor of Technology - BTech,Cochin,India,ERROR,0
Software Engineer,Classic Informatics,3.5,Bachelor of Technology - BTech,,India,ERROR,0
Mobile Application Developer,Apnitor Solutions,11.3,Bachelor of Technology (B.Tech.),,India,ERROR,0
Flutter Developer ,Entries.AI,3.7,,Bengaluru,India,ERROR,0
Mobile Application Developer,Digicognit Private Limited,11.3,Bachelor of Engineering - BE,Villupuram,India,ERROR,0
Software Engineer,Brickred Systems India Pvt Ltd,4.8,Diploma in Software Engineering,Delhi,India,ERROR,0
Mobile Application Developer,"Suyog Computech Pvt. Ltd, Bhubaneswar",4.8,Bachelor's degree,Bhubaneswar,India,ERROR,0
Principal Software Engineer,24/7 Software,12.3,Bachelor of Technology (B.Tech.),Noida,India,ERROR,0
Mobile Application Developer,Eventzilla,1.4,Bachelor of Science - BSc,Chennai,India,ERROR,0
Javascript Developer,Outlier,0.8,Bachelor of Science - BS,Sambhaji Nagar,India,ERROR,0
React-native Senior Developer ,Aurin IT,6.1,Bachelor's degree,Malappuram,India,ERROR,0
Mobile App Developer ,Edtech Innovate Pvt Ltd,2.6,Master of Computer Applications - MCA,Noida,India,ERROR,0
iOS Developer,Brucode Technologies ,2.9,Bachelor of Technology - BTech,,India,ERROR,0
iOS App Developer,xpWallet Technologies Pvt. Ltd.,3.0,Master of Computer Applications - MCA,Una,India,ERROR,0
Mobile Application Developer,Committee Wallah,0.9,B.Tech,Hisar,India,ERROR,0
Sr. Mobile app Developer ,Visaka Industries Limited,8.3,MCA,HyderƒÅbƒÅd,India,ERROR,0
Software Development Consultant,Capgemini,10.8,Bachelor's Degree,Bengaluru,India,ERROR,0
Senior Software Engineer,"Armia Systems, Inc",9.5,Bachelor of Computer Applications,Cochin,India,ERROR,0
Software Engineer,Bellway Infotech,2.4,Master of Computer Applications - MCA,Indore,India,ERROR,0
Sales Executive,LaraPush,0.5,Bachelor's degree in comoputer application,Bhubaneswar,India,ERROR,0
Software Developer,Apar Technologies,2.2,Master of Computer Applications - MCA,Noida,India,ERROR,0
Senior Software Engineer,Accolite,5.4,Bachelor of Technology,Bengaluru,India,ERROR,0
Senior Software Engineer,Ovniq Technologies,2.5,Bachelor of Computer Applications,Chennai,India,ERROR,0
Software Developer,Antino,3.7,Bachelor of Technology - BTech,Bengaluru,India,ERROR,0
Software Developer,Antino,2.2,,New Delhi,India,ERROR,0
Android App Developer,HestaBit,2.8,Bachelor of Technology - BTech,Noida,India,ERROR,0
Flutter Developer,Intelizia Infoway,3.2,Bachelor of Commerce - BCom,Surat,India,ERROR,0
Frontend Developer,Azure Soft Tech S,3.4,Bachelor of Engineering - BE,Cuddalore,India,ERROR,0
Software Development Intern,Wideline IT Solutions ,0.6,Bachelor's degree,Jalandhar,India,ERROR,0
Software Developer,Valtech,3.2,Master of Computer Applications - MCA,Bengaluru,India,ERROR,0
Software Engineer,Ivy Mobility,5.0,Master of Computer Applications - MCA,Bengaluru,India,ERROR,0
Senior Software Engineer,Impact Analytics,7.1,Bachelor of Engineering (B.E.),Bengaluru,India,ERROR,0
React Native Developer,Boston Technology Corporation,4.5,Bachelor's degree,Bengaluru,India,ERROR,0
Lead Mobile Developer,Thoughtworks,9.9,Bachelor of Engineering (B.E.),Bengaluru,India,ERROR,0
Co-Founder,Inovatrik Technologies,16.8,Master of Science (M.Sc.),Bengaluru,India,ERROR,0
,,,Bca,Bengaluru,India,0 INR,0
Mobile Application Developer,Codewave.com,2.6,Master of Science - MS,Bengaluru,India,ERROR,0
Member technical staff,Zoho,6.2,Bachelor of Engineering - BE,Bengaluru,India,ERROR,0
Software engineer (React native and Android),WebEngage,6.0,Bachelor of Engineering - BE,Bengaluru,India,ERROR,0
iOS integration Engineer,MoEngage,6.2,Bachelor of Technology - BTech,Pune,India,ERROR,0
Senior Software Engineer,PayPal,5.0,Bachelor of Engineering - BE,Bengaluru,India,ERROR,0
System Engineer,Tata Consultancy Services,1.6,B.tech,Bengaluru,India,ERROR,0
SDE - I,Namma Yatri,4.3,B.E,Bengaluru,India,ERROR,0
Mobile Application Developer,Flavorist,4.6,Bachelor of Engineering - BE,Bengaluru,India,ERROR,0
Junior Software Developer,SIPFund Pvt. Ltd.,2.2,Bachelor of Technology - BTech,Bengaluru,India,ERROR,0
Mobile App Developer,FPLE SDN BHD,2.3,Bachelor of Engineering - BE,Bengaluru,India,ERROR,0
Systems Engineer,Tata Consultancy Services,4.8,M-Tech,Kollam,India,ERROR,0
Flutter Developer ,Hash Connect Integrated Services Pvt. Ltd.,3.7,,Bengaluru,India,ERROR,0
Application Developer,Metadee AI,1.6,Bachelor of computer application,Cochin,India,ERROR,0
SDE-3,POP,10.6,Bachelor of Engineering (BE),Bengaluru,India,ERROR,0
Software Developer,Kushal's Fashion Jewellery,4.4,Bachelor of Engineering - BE,Bengaluru,India,ERROR,0
Software Engineer,Explore Crest Consulting Inc.,3.2,b tech,HoshiƒÅrpur,India,ERROR,0
Software Engineer,Digiledge,1.8,Bachelor of Engineering - BE,,India,ERROR,0
Associate Software Engineer,Kenshi Labs Consultancy Pvt. Ltd.,0.9,Master of Computer Applications - MCA,Bengaluru,India,ERROR,0
Software Engineer 2,Terralogic,6.8,Bachelor of Engineering - BE,Bengaluru,India,ERROR,0
Lead Software Engineer,Siemens Technology India,10.2,Master of Computer Applications - MCA,Bengaluru,India,ERROR,0
Software Engineer,Tech Mahindra,4.6,Bachelor of Technology - BTech,Bengaluru,India,ERROR,0
Defi Mobile App Developer,Peso : Bitcoin & Crypto Wallet,8.6,Advance Programme,Bengaluru,India,ERROR,0
Senior Software Engineer,Splenta Systems,6.8,,Bengaluru,India,ERROR,0
Web and mobile application developer,Rooman Technologies,0.4,Bachelor of Engineering ,Bengaluru,India,ERROR,0
Scholar,SAP,4.1,Master of Technology - MTech,Bengaluru,India,ERROR,0
Web Development Intern,Claysol Media Labs,0.4,Master of Computer Applications - MCA,Bengaluru,India,ERROR,0
Senior Flutter Developer,Flick TV,3.9,Bachelor of Technology - BTech,Bengaluru,India,ERROR,0
Associate Software Engineer,Resmed,4.0,BE,Bengaluru,India,ERROR,0
Software Engineer II,CodeZyng,3.5,Master of Computer Applications - MCA,Bengaluru,India,ERROR,0
Mobile Application Developer,Brototype Students Community,1.3,,Bengaluru,India,ERROR,0
Senior Software Developer,ScribeEMR Systems Private Limited,4.2,Bachelor of Engineering - BE,Bengaluru,India,ERROR,0
Software Development Engineer 2,Lokal,3.2,Bachelor of Technology - BTech,Bengaluru,India,ERROR,0
Mobile Application Developer,StoneX Group Inc.,5.5,Bachelor of Engineering - BE,Bengaluru,India,ERROR,0
Software Engineer,Eton Solutions LP,2.3,Bachelor of Engineering - BE,Bengaluru,India,ERROR,0
Software Engineer,Fleek,4.3,Bachelor of Engineering - BE,Bengaluru,India,ERROR,0
,,,,Coimbatore,India,0 INR,0
React Native Developer,Cloudphysician,3.4, Bachelor of Computer Applications ,Bengaluru,India,ERROR,0
Senior Member of Technical Staff,Starten Systems,10.5,Master's degree,Bengaluru,India,ERROR,0
Senior Software Engineer,Cognizant,10.8,Bachelor's degree,Bengaluru,India,ERROR,0
Lead Engineer,Samsung R&D Institute India - Bangalore,5.2,Master of Technology - MTech,Chandƒ´garh,India,ERROR,0
Software Engineer,HashedIn by Deloitte,4.6,B.tech,Bengaluru,India,ERROR,0
App Developer ,Humors Tech,2.5,Master of Computer Applications - MCA,Bengaluru,India,ERROR,0
Software Engineer - Flutter,FYERS ,4.0,Bachelor of Technology - BTech,Bengaluru,India,ERROR,0
Mobile Application Developer,Zersys Technologies,2.1,Bachelor of Technology - BTech,Bengaluru,India,ERROR,0
Android Engineer,Kutumb,5.4,Bachelor of Technology - BTech,Bengaluru,India,ERROR,0
Associate Flutter Developer,eduGuardian,2.9,Flutter Developer,Bengaluru,India,ERROR,0
Senior Software Engineer,GlobalLogic,4.8,Master of Computer Applications - MCA,Bengaluru,India,ERROR,0
Senior Software Engineer,Niyo Solutions Inc.,6.9,Master of Computer Applications - MCA,Bengaluru,India,ERROR,0
Senior Developer,Epsilon,7.8,Bachelor's of Engineering,Bengaluru,India,ERROR,0
Senior Software Engineer,Aytasense Technologies Private Limited,3.6,Bachelor of Engineering - BE,Bengaluru,India,ERROR,0
Senior Analyst Mobile App Development and Maintainence ,Cardinal Health,6.1,Master of Computer Applications - MCA,,India,ERROR,0
Flutter Developer ,Advisorkhoj.com,3.3,Bachelor's degree,Bengaluru,India,ERROR,0
Software Engineer,Witvo Technologies ,2.2,Bachelor of Technology - BTech,Bengaluru,India,ERROR,0
SDE,Namma Yatri,4.8,B.Tech,Bengaluru,India,ERROR,0
React Native Developer,AANSEAA Technologies ,4.5,Bachelor of Technology - BTech,,India,ERROR,0
Mobile Application Developer,Pixel Web Solutions,2.4,Master of Computer Applications - MCA,Madurai,India,ERROR,0
iOS Developer,121 Outsource,6.7,Bachelor of Technology (BTech),Bengaluru,India,ERROR,0
Senior Software Engineer,CURD,4.2,Bachelor's degree,Bengaluru,India,ERROR,0
Software Engineer,Tech Mahindra,6.1,Bachelor of Engineering - BEng,Bengaluru,India,ERROR,0
Assistant flutter devolper ,Clan LEO Pvt. Ltd.,2.9,BCA,,India,ERROR,0
Software Engineer,Secuodsoft Technologies Private Limited,6.9,Computer science and engineering,Bengaluru,India,ERROR,0
Senior Mobile App Developer,Inncircles,5.1,Diploma of Education,Bengaluru,India,ERROR,0
Digital Engineer,TVS Digital,6.5,B.tech,,India,ERROR,0
Software Engineer III,Walmart Global Tech India,5.1,Bachelor of Engineering - BE,Bengaluru,India,ERROR,0
Senior Software Engineer (React Native),Retail Insights,3.6,Bachelor of Technology - BTech,Bengaluru,India,ERROR,0
React Native Developer,Astria Digital,6.8,Master of Computer Applications - MCA,Bengaluru,India,ERROR,0
Software Developer,CodeHaste,2.5,Bachelor of Engineering - BE,Bengaluru,India,ERROR,0
Associate Software Engineer,Parishrama NEET Academy,1.2,Master of Computer Applications - MCA,Bengaluru,India,ERROR,0
Software Engineer in AI Platform,WizzyBox Private Limited,1.6,Bachelor of Technology - BTech,Bengaluru,India,ERROR,0
Senior Engineer,Cambium Networks,9.6,Master of Computer Applications - MCA,Cochin,India,ERROR,0
Software Trainee,Bahwan CyberTek,1.5,Bachelor of Technology - BTech,Bengaluru,India,ERROR,0
Technology Analyst,Infosys,6.0,Bachelor of Technology - BTech,Bengaluru,India,ERROR,0
Product Developer,Thinksolv technologies private limited,0.8,Master of Science - MS,Erode,India,ERROR,0
Senior Data Engineer,SpiceJet Limited,5.4,Bachelor of Technology - BTech,Bengaluru,India,ERROR,0
Full-stack Developer,Arabian InfoTech Training Institute LLC,2.2,B-tech,Bengaluru,India,ERROR,0
Software Development Engineer II,Robral Technologies,3.6,Bca,SahƒÅranpur,India,ERROR,0
Flutter Developer,r.cure,2.4,BCA,Bengaluru,India,ERROR,0
Senior Software Engineer,Genisys Group,4.8,Bachelor of Technology,Bengaluru,India,ERROR,0
Member of Technical Staff,"Forward Networks, Inc.",7.6,Master of Computer Applications,Bengaluru,India,ERROR,0
Mobile App Developer ,Suktha Solutions Private Limited,1.9,Bachelor of Arts - BA,Bengaluru,India,ERROR,0
Flutter developer ,Arctusoft,2.6,Bachelor's degree,Cochin,India,ERROR,0
Senior Software Engineer,NexArc Information Technology,4.8,,Coimbatore,India,ERROR,0
Associate Software Engineer,Greenbotz Platform Private Limited,2.0,Bachelor of Engineering - BE,Coimbatore,India,ERROR,0
Senior Flutter Developer ,GoKhana,8.9,Bachelor of Science - BS,Bengaluru,India,ERROR,0
Flutter developer ,Verdant Info Comm Systems,0.8,Bachelor of Technology - BTech,Coimbatore,India,ERROR,0
Consultant,Deloitte,16.1,Master of Computer Applications - MCA,Bengaluru,India,ERROR,0
Mobile Application Developer,Cirasthayi Technology,0.5,Bachelor of Science ,Pune,India,ERROR,0
Senior Software Engineer,CNH Industrial,35.0,Master of Computer Applications (M.C.A.),Delhi,India,ERROR,0
Web Developer,Dhina Technologies Pvt Ltd,8.2,Bachelor of Engineering - BE,KanniyƒÅkumƒÅri,India,ERROR,0
Mobile App Developer (Flutter),Atomise,5.3,Bachelor of Technology - BTech,Delhi,India,ERROR,0
Mobile Application Developer,Ozotec EV,4.4,Bachelor of Engineering - BE,Erode,India,ERROR,0
Flutter Developer,IDZO.IN,4.9,BCA,,India,ERROR,0
Student Mobile Application Developer,Brototype,1.4,Bachelor of Commerce - BCom,Kollam,India,ERROR,0
Android Developer,Ather Energy,11.5,BE  ,Bengaluru,India,ERROR,0
Packaged App developer ,Accenture,2.1,Electrical and electronics ,Bengaluru,India,ERROR,0
ReactJS | Flutter | NodeJS Developer (Freelancer),,23.3,3 - Year Engineering Diploma from Technical Education Board - Kerala.,Bengaluru,India,0 INR,0
Software Engineer 2,Zepto,4.1,Bachelor of Engineering - BE,,India,ERROR,0
QATAR NATIONAL BANK,MGS Technology Pvt Ltd.,3.5,Msc computer science ,Pune,India,ERROR,0
Senior Software Engineer,FireFlink,11.6,Engineer's Degree,Bengaluru,India,ERROR,0
Software Developer,Fidelity Investments,1.7,Master of Computer Applications - MCA,Bengaluru,India,ERROR,0
Senior Mobile App Developer,Deloitte,7.3,Bachelor of Engineering - BE,Bengaluru,India,ERROR,0
Senior Software developer (consultant),Sony India Software Centre,4.8,Bachelor's degree,Bengaluru,India,ERROR,0
Chief Executive Officer,Appeneure,12.7,B-Tech,Delhi,India,ERROR,0
Software Engineer,Remote,6.8,Bachelor of Engineering - BE,Bengaluru,India,ERROR,0
Senior Mobile Developer,Amazon,10.2,Bachelor of Engineering - BE,Bengaluru,India,ERROR,0
Mobile Application Developer,Croniox,2.2,Bachelor of Science - BS,Cochin,India,ERROR,0
Software Engineer 2,FYERS ,2.7,Bachelor of Technology - BTech,Bengaluru,India,ERROR,0
Mobile App Developer,Novum Group,2.1,Bachelor of Engineering - BE,Bengaluru,India,ERROR,0
Software Engineer Intern,NeST Digital,0.7,Bachelor of Technology - BTech Computer science ,,India,ERROR,0
Front-end Development Intern,PrimaThink Technologies Pvt. Ltd.,0.3,Bachelor of Engineering - BE,AmrƒÅvati,India,ERROR,0
Software Engineer,NeoSOFT,3.0,Master of Computer Applications - MCA,Mumbai,India,ERROR,0
Flutter developer,ORDNUNGSKRAFT IT ADVISOR PRIVATE LIMITED,3.6,Bscit,ThƒÅne,India,ERROR,0
App Developer,Cognifyz Technologies,5.8,Bachelor of Technology - BTech,,India,ERROR,0
Packaged App Development Associate ,Accenture,2.5,Bachelor of Engineering - BE,,India,ERROR,0
iOS Developer Intern,Trigrexam,0.5,Bachelor of Technology - BTech,Bengaluru,India,ERROR,0
Laravel Developer,Esteplogic IT Solutions Pvt. Ltd.,2.2,Master of Computer Applications - MCA,Chandƒ´garh,India,ERROR,0
Founder & Tech Lead,DormDash,3.2,Bachelor of Technology - BTech,Kanpur,India,ERROR,0
Mobile Application Developer,CherriLearn,1.6,Master of Computer Applications - MCA,Bengaluru,India,ERROR,0
International Fulltimer ,Jesus Youth International ,1.9,Master of Vocation,Cochin,India,ERROR,0
Associate Developer,SAARC Masts Tech Pvt Ltd,4.8,,Coimbatore,India,ERROR,0
Software Developer,DIGIMIND TECHNOLOGY SERVICES PVT LTD,1.8,Bachelor of Technology - BTech,BhopƒÅl,India,ERROR,0
Project Details,Hotel Management System,2.9,MCA,Delhi,India,ERROR,0
Software Developer,Snapwork Technologies,1.6,Bachelor's degree,ThƒÅne,India,ERROR,0
Android Developer Intern,Prodigy InfoTech,0.3,Bachelor of Engineering - BE,Pune,India,ERROR,0
Senior Software Engineer,StimScience,12.9,Bachelor of Technology - BTech,,India,ERROR,0
Sr. React-native developer,Seraphic Infosolutions,9.3,Bachelor of Technology - BTech,HoshiƒÅrpur,India,ERROR,0
Senior Software Engineer,Infobell IT,7.8,Bachelor of Technology - BTech,Bengaluru,India,ERROR,0
React Native Developer,Dev Technosys- CMMI Level 3,2.7,Bachelor of Technology - BTech,Jaipur,India,ERROR,0
Sponsorship Team Member,"Horizon Mars Rover Team, CUSAT",1.9,Bachelor of Technology - BTech,Cochin,India,ERROR,0
Technical Lead,Coforge,6.3,Bachelor of Technology,Delhi,India,ERROR,0
Mobile Application Developer,Lion Vision Technologies,3.2,Bachelor of Engineering - BE,Ahmedabad,India,ERROR,0
,,,Bachelor of Technology - BTech,Nagpur,India,0 INR,0
Flutter App Developer ,Argon IT Services LLP,1.6,,Surat,India,ERROR,0
SDE 1,Licious,4.5,Bachelor of Technology,Bengaluru,India,ERROR,0
Mobile Application Developer,Zolute UAE,1.7,Bachelor of Engineering - BE,Pune,India,ERROR,0
Sr React Native Developer,Onfinity (formerly Vienna Advantage),4.9,Bachelor of Technology - BTech,Chandƒ´garh,India,ERROR,0
Software Developer,Confio Technologies Private Limited,1.7,BSc ,Bengaluru,India,ERROR,0
Software Developer,Mobile Programming LLC,3.5,BCA,Bengaluru,India,ERROR,0
Android Developer,Smartz Minds,8.1,BCA,Chandƒ´garh,India,ERROR,0
Full-stack Developer ,Entrar,3.5,,Bengaluru,India,ERROR,0
Software Engineer Trainee (Mobile Apps),Xcelore,0.4,Bachelor of Technology - BTech,Noida,India,ERROR,0
Software Engineer II,JPMorganChase,5.2,Bachelor of Engineering - BE,Bengaluru,India,ERROR,0
Agentic AI Developer,ZeepleWork,2.3,Bachelor of Technology - BTech,Pune,India,ERROR,0
Internship Trainee,CodeAlpha ,1.1,Bachelor of Technology - B.Tech.,Noida,India,ERROR,0
Sr Mobile developer,iapp Technologies LLP,10.3,Bachelor‚Äôs Degree,Mohali,India,ERROR,0
Senior Software Engineer,Luxoft,6.8,Bachelor of Engineering - BE,Bengaluru,India,ERROR,0
Flutter Developer,SUSHIV TECHNOLOGIES LLP,0.3,Bachelor of Engineering - BE,Pune,India,ERROR,0
Full Stack Web & Mobile App Developer,Cloud Data Networks,2.7,Bachelor of Technology,Bengaluru,India,ERROR,0
Technology Specialist,Litmus7,12.6,Computer Applications,Bengaluru,India,ERROR,0
Sales Associate,D Mart,1.3,Master of Computer Applications - MCA,Coimbatore,India,ERROR,0
Mobile Application Developer,NielsenIQ,7.5,Bachelor of Engineering - BE,Bengaluru,India,ERROR,0
SDE-1,Lokal,0.8,B. Sc. Computer science ,Bengaluru,India,ERROR,0
Mobile App Developer,"IRISS, Inc.",3.8,Master of Computer Applications - MCA,Bengaluru,India,ERROR,0
Web/Mobile app developer ,Giridhara Software Services Pvt Ltd,4.1,Bachelor of Engineering - BE,Bengaluru,India,ERROR,0
Intern Software Engineer,BMV System Integration Pvt Ltd,1.8,BCA,Ahmedabad,India,ERROR,0
React Native Developer,,6.3,Bachelor of Engineering - BE,Bengaluru,India,0 INR,0
Senior Staff Engineer,Three Meadows Software Private Limited,9.8,Bachelor of Technology - BTech,Bengaluru,India,ERROR,0
Manager II,"RealPage, Inc.",7.4,Bachelor of Technology - BTech,HyderƒÅbƒÅd,India,ERROR,0
Senior Software Development Engineer,Nubra,7.5,Bachelor of Engineering,Bengaluru,India,ERROR,0
Co-Founder,Letztrip,8.7,Bachelor of Engineering - BE,Bengaluru,India,ERROR,0
Senior Software Developer,Unique School App India LLP,5.6,Bachelor of Science - BS,Bengaluru,India,ERROR,0
Mobile Application Developer,skillpark,2.4,Bachelor of computer application ,Cochin,India,ERROR,0
Software Engineer,Linkfields Innovations (Pty) Ltd,3.3,Bachelor of Arts - BA,HyderƒÅbƒÅd,India,ERROR,0
Staff Software Engineer,Ivanti,13.8,B.E,Bengaluru,India,ERROR,0
Mobile Application Developer,ThroughBit,2.9,Bachelor's degree,Bengaluru,India,ERROR,0
React Native Developer,Wiingy,2.8,Bachelor of Engineering - BE,Bengaluru,India,ERROR,0
Mobile Application Developer,Xipe Tech,4.0,Bachelor of Technology - BTech,Lucknow,India,ERROR,0
Associate Software Engineer,HUMBEE,3.7,Btech,GhƒÅziƒÅbƒÅd,India,ERROR,0
SDE 1,EMotorad,3.2,Bachelor of Technology - BTech,Pune,India,ERROR,0
Packaged Application Development Associate ,Accenture in India,2.2,Bachelor of Engineering - BE,Bengaluru,India,ERROR,0
Research Scholar,Nitte Meenakshi Institute of Technology,17.0,Doctor of Philosophy - (Ph.D.),Bengaluru,India,ERROR,0
Sr. Mobile Application Developer,Utthunga,9.1,Master of Computer Applications (MCA),Bengaluru,India,ERROR,0
Software Developer,Flipkart,5.4,B.E,Bengaluru,India,ERROR,0
Senior Software Engineer,Cobu,6.8,Bachelor of Engineering - BE,Bengaluru,India,ERROR,0
iOS App Developer,Cloud One Solutions,4.5,,Bengaluru,India,ERROR,0
Mobile Application Developer,Shrewd Business Solutions,1.7,,Coimbatore,India,ERROR,0
Senior Software Developer,Geniefolks Technologies,2.2,,Noida,India,ERROR,0
Mobile Application Developer,BigBang.Social,3.4,Bachelor of Engineering - BE,Bengaluru,India,ERROR,0
Flutter Developer ,Ailoitte,3.9,B.Tech ,Dehra D≈´n,India,ERROR,0
Co-Founder & CTO @Codeforge Developers,Omniware Technologies Pvt Ltd,5.8,Bachelor of Engineering - BE,Bengaluru,India,ERROR,0
Mobile Application Developer,SKAD IT Solutions ,9.6,Master of Computer Applications - MCA,,India,ERROR,0
SDE-3 (Native Android/ Flutter),Niyo Solutions Inc.,11.2,Master of Computer Applications (MCA),Bengaluru,India,ERROR,0
Software Developer,Ceiyone,5.8,Bachelor's degree,Coimbatore,India,ERROR,0
Flutter Developer,Amity Software Limited,5.6,,Delhi,India,ERROR,0
Software Developer 2,Ericsson,5.9,BTech - Bachelor of Technology,GangƒÅnagar,India,ERROR,0
Android Developer,OBII KRIATIONZ WEB LLP,0.5,Bachelor of Engineering - BE,Bengaluru,India,ERROR,0
Senior Application Developer,Accenture,6.2,Bachelor of Engineering - BE,Bengaluru,India,ERROR,0
SDE 2,Honeywell,8.7,Bachelor of Technology - BTech,Bengaluru,India,ERROR,0
Software Engineer - Tier ll,NAGRA,5.1,Bachelor of Engineering - BE,Bengaluru,India,ERROR,0
Flutter Developer,SLK,3.6,Bachelor of Science - B.Sc,Bengaluru,India,ERROR,0
Mobile Application Developer,"National Informatics Centre, Govt of India",3.2,Postgraduate Degree,Thiruvananthapuram,India,ERROR,0
Mobile Application Developer,Cezcon Solutions LLC,2.7,Bsc,Bengaluru,India,ERROR,0
myStatus,myStatus App,6.6,Bachelor of Technology - BTech,Bengaluru,India,ERROR,0
Software Developer,Acehours,1.8,Bachelor of Engineering - BE,Bengaluru,India,ERROR,0
Software developer (Mobile developer),iQuinceSoft,1.0,Bachelor of Technology - BTech,Mathura,India,ERROR,0
Senior Technical Specialist,Amadeus,11.2,Bachelor of Technology (BTech),Bengaluru,India,ERROR,0
Software Engineer,Nissi Software Systems,2.1,Master of Computer Applications - MCA,Bengaluru,India,ERROR,0
Flutter Developer,Xlorit,3.0,Bachelor of Computer Applications,Cochin,India,ERROR,0
Software Developer,DataArt,3.8,Bachelor of Technology - B.Tech,Bengaluru,India,ERROR,0
Specialist Software Engineer,Societe Generale Global Solution Centre,9.2,Bachelor's degree,Bengaluru,India,ERROR,0
Developer 1,Hyland,4.2,Bachelor of Engineering - BE,Bengaluru,India,ERROR,0
React Native Developer,Greenbotz Platform Private Limited,3.0,Bachelor of Engineering - BE,Chennai,India,ERROR,0
Junior Flutter Developer ,Rubixe -  AI Solutions Company,1.2,Bachelor's degree,Coimbatore,India,ERROR,0
Full stack and Mobile Application Developer,Mind Merge Solutions,2.4,Bachelor of Engineering - BE,,India,ERROR,0
iOS App Developer,Loyltwo3ks IT Pvt Ltd (LWS),5.8,Bachelor of Technology (B.Tech.),Bengaluru,India,ERROR,0
Mobile Application Developer,Startup Mitra Consulting Private Limited,9.1,Engineer's Degree,Bengaluru,India,ERROR,0
Flutter developer ,Valueleaf Services (India) Pvt. Ltd.,3.9,BCA,Bengaluru,India,ERROR,0
Flutter Mobile app developer ,Dextr Labs,1.7,Master of Computer Applications - MCA,Coimbatore,India,ERROR,0
Senior Software Engineer,Studio Graphene,7.8,Bachelor of Technology (B.Tech.),Delhi,India,ERROR,0
Frontend Engineer,Komlogics,2.3,Bachelor of Technology - BTech,Bengaluru,India,ERROR,0
Full-stack Developer,Gavanaka Info Tech,1.4,Bachelor of Engineering - BE,Tiruppur,India,ERROR,0
Software Engineer I,JPMorganChase,6.5,Bachelor of Technology - BTech,Bengaluru,India,ERROR,0
Enterprise Resources Planning Developer,International Centre for Free and Open Source Solutions (ICFOSS),4.4,Bachelor of Technology - BTech,,India,ERROR,0
Software Engineer,Xevyte Technologies,3.8,MSc software systems,Tiruppur,India,ERROR,0
React Native App Developer,Blokxlab Technologies,1.8,Master of Computer Applications - MCA,Mumbai,India,ERROR,0
Flutter Engineer,GrowthSchool,4.2,Bachelor of Applied Science - BASc,Bengaluru,India,ERROR,0
SDE,Spinny,1.6,Bachelor of Technology - BTech,Delhi,India,ERROR,0
Mobile Developer,Probey Services,3.4,Undergraduate B. Tech ,New Delhi,India,ERROR,0
SDE Associate 2,State Street,2.4,Master of Computer Applications - MCA,Bengaluru,India,ERROR,0
Mobile Application Developer,SrashtaSoft,4.4,Bachelor Of Computer Application,Surat,India,ERROR,0
Software Developer,blooms mobility technology,2.7,Master of Computer Applications - MCA,Bengaluru,India,ERROR,0
iOS Engineer (Contractor - via EPAM Systems),American Express,16.6,Master's degree,Bengaluru,India,ERROR,0
Web Developer,IndoMed Educare Private Ltd,1.6,Master's degree,Chennai,India,ERROR,0
Senior Software Engineer,KREEYAA,3.0,Bachelor of Technology - BTech,BhopƒÅl,India,ERROR,0
Flutter Developer ,Canny Digital Solutions Pvt Ltd,6.2,Bachelor's degree,Chennai,India,ERROR,0
SDE,CRED,3.7,Bachelor of Engineering - BE,Bengaluru,India,ERROR,0
Sr. Software Engineer,Softobiz Technologies Private Limited,8.1,,Chandƒ´garh,India,ERROR,0
Software Engineer - Mobility,AVASOFT,11.8,Bachelor's degree,Chennai,India,ERROR,0
React Native Developer,Infoicon Technologies,3.2,B.tech,Noida,India,ERROR,0
Software Engineer,Siemens,4.2,Bachelor of Engineering - BE,Bengaluru,India,ERROR,0
Support Engineer,Amazon,3.8,Bachelor of Technology - BTech,HyderƒÅbƒÅd,India,ERROR,0
Student,Brototype,1.2,Business/Commerce,Cochin,India,ERROR,0
,,,BCA,Indore,India,0 INR,0
Android Developer,,5.2,Bachelor of computer applications - Bca,RƒÅjkot,India,0 INR,0
Software Engineer,StealthMode Startup (early-stage),3.3,Master of Computer Applications - MCA,Ahmedabad,India,ERROR,0
Mobile Application Developer,iAntz IT Solutions Pvt Ltd,4.0,,Thiruvananthapuram,India,ERROR,0
Student at Brototype,Brototype,3.0,b.com,Cochin,India,ERROR,0
Software Engineer,Geojit Technologies,4.0,BCA,Kozhikode,India,ERROR,0
Intern,sam core,0.2,Bachelor of Engineering - BE comupter science engineering,Bengaluru,India,ERROR,0
React Native Developer,Samphire IT Solutions Pvt Ltd,1.5,B.Tech,Bengaluru,India,ERROR,0
Sr. Engineering Manager - Frontend Experience,Falabella India,14.7,B.Tech,Bengaluru,India,ERROR,0
Flutter Developer ,Bytscop Technology Pvt Ltd,4.8,Master of Computer Applications - MCA,Jaipur,India,ERROR,0
Software Engineer II (DevX Engineer) ,Gojek,6.3,Bachelor of Technology - BTech (Patiala),Bengaluru,India,ERROR,0
Mobile App Developer,NatRIX Software Private Limited,4.5,Master of Computer Applications - MCA,,India,ERROR,0
Software Engineer,Acufore India Private Limited,2.0,Master of Computer Applications - MCA,Bengaluru,India,ERROR,0
Full Stack Developer - Web / Mobile App,Anflip Digital,4.6,Master of compute Science - M.Sc. (CS),BhopƒÅl,India,ERROR,0
Software Engineer,T2 Innovations,4.2,Bachelor of Engineering - BE,Chennai,India,ERROR,0
Flutter developer ,ALBRANDZ TECHNOLOGY PRIVATE LIMITED,2.1,Master of Computer Applications - MCA,Noida,India,ERROR,0
,,,Bachelor of Technology - BTech,Sonƒ´pat,India,0 INR,0
App Developer,Havells India Ltd,10.2,Bachelor of Technology - BTech,Bengaluru,India,ERROR,0
Tech Lead,Licious,11.8,Master of Computer Applications - MCA,Bengaluru,India,ERROR,0
Solution Engineering - Associate,FICO,3.4,BTECH+MTECH-IT (integrated),,India,ERROR,0
Senior Product Manager,Tata Communications,7.5,Bachelor of Engineering - BE,Bengaluru,India,ERROR,0
Senior Software Engineer,TelioEV ,15.3,Bachelor of Technology - BTech,Bengaluru,India,ERROR,0
iOS Developer,Aisle,4.7,Bachelor's degree,Bengaluru,India,ERROR,0
Mobile App Developer | Flutter ,ZuAI ,5.7,BCA - Bachelor of Computer Application,Bengaluru,India,ERROR,0
Flutter Developer ,MobileFirst Applications | Fintegration,3.1,Master of Computer Applications - MCA,Ahmedabad,India,ERROR,0
Android Developer,TechnoAdviser Technologies Pvt. Ltd. ,2.5,Bachelor of Engineering,Ahmedabad,India,ERROR,0
App Developer,APS Matrix,2.8,BCA,GhƒÅziƒÅbƒÅd,India,ERROR,0
Software Engineer 2,Paycraft Solutions Pvt. Ltd.,3.1,Msc computer science,Pune,India,ERROR,0
Flutter developer ,Webandcrafts,2.6,,Cochin,India,ERROR,0
Software Engineer,Iproximus Inc,2.5,Bachelor's degree,,India,ERROR,0
Software Developer,Parnets Digital Advertisements Pvt Ltd ,0.8,B.Tech in CS and AI,Bengaluru,India,ERROR,0
React Native Developer,Farmley,3.0,BCA,Delhi,India,ERROR,0
Senior Software Engineer,Renambl Technologies,3.1,,Chennai,India,ERROR,0
Associate Software Engineer,EY,1.6,Bachelor of Technology - BTech,Alappuzha,India,ERROR,0
Flutter developer ,ToXSL Technologies,2.4,Master of Computer Applications - MCA,Kanpur,India,ERROR,0
SDE 1,Brick & Bolt,7.4,Master of Technology - MTech(integrated),,India,ERROR,0
App Developer,HandBuiltApps,7.1,Bachelor's degree,Sivakasi,India,ERROR,0
Senior Software Engineer,Ksolves India Limited,5.5,Bca,Bhƒ´lwƒÅra,India,ERROR,0
Mobile Application Developer,NexFuga,4.9,Bachelor of Technology - BTech,BhopƒÅl,India,ERROR,0
Sr Software Engineer ,Tech Mahindra,4.2,Bachelor of Technology - BTech,Chandƒ´garh,India,ERROR,0
Senior Flutter Developer ,InfoTrack Telematics Pvt Ltd,5.1,Bachelor of Engineering,Bengaluru,India,ERROR,0
Flutter developer ,ApexDreamStudio,3.3,BCA,,India,ERROR,0
Android Mobile Applications Developer,Suguna Foods Private Limited,17.8,Backend Developer/DSA,Coimbatore,India,ERROR,0
Mobile Application Developer (Flutter Developer),Sorigin Group,1.9,Bachelor of Engineering - BE,Pune,India,ERROR,0
Flutter developer ,Mindnotix Software Solutions,3.0,Bachelor of Technology - BTech,Thenkasi,India,ERROR,0
Senior Software Engineer,Victoria's Secret,8.2,Bachelor's degree - Computer Science,Bengaluru,India,ERROR,0
React Native Developer,Persistent Systems,3.8,Master of Computer Applications - MCA,JagƒÅdhri,India,ERROR,0
Software Engineer - Mobile Application Development,Tech Mahindra,7.8,Bachelor of Technology,Bengaluru,India,ERROR,0
Lead Software Engineer,CentraLogic Consultancy Limited,2.8,Bachelor of Engineering - BE,Pune,India,ERROR,0
Data Engineer,Information Technology ,2.5,Electronics Engineering,Chennai,India,ERROR,0
Full-stack Developer,KeepInvesting,1.7,Bachelor of Technology - BTech,HyderƒÅbƒÅd,India,ERROR,0
Technical Lead,Hinduja Tech Limited,9.7,Bachelor of Engineering - BE,Chennai,India,ERROR,0
,,,BCA ,Ahmedabad,India,0 INR,0
Flutter Developer,texol,3.6,Bachelor's degree,Malappuram,India,ERROR,0
Mobile Application Developer,Vedha Innovations (Google Partner),7.2,Bachelor's degree,,India,ERROR,0
Software Developer,Tetra Motors,1.8,Bachelor of Technology - BTech,Bengaluru,India,ERROR,0
Software Engineer,MY MUDRA FINCORP LIMITED,2.1,Higher National Diploma,Thrissur,India,ERROR,0
Software Engineer,Hardwin Software Solutions Pvt Ltd.,3.9,Bachelor of Engineering - BE,Bengaluru,India,ERROR,0
Flutter developer,Goanny Technologies,2.8,Bca,,India,ERROR,0
Developer,SAP,7.8,BTech - Bachelor of Technology,Bengaluru,India,ERROR,0
App Developer,AKV TECHNOLOGIES,2.8,Bachelor of Technology - BTech,Bengaluru,India,ERROR,0
Software Engineer,Space-O Technologies,3.4,Bachelor of Engineering - BE,Ahmedabad,India,ERROR,0
Senior Software Engineer (Android),GoTo Group,8.9,Bachelor of Computer Applications,Bengaluru,India,ERROR,0
App Developer,Booming Bulls Academy‚Ñ¢,1.4,Bachelor of Technology - BTech,RƒÅjpura,India,ERROR,0
Software Engineer,Baker Hughes,4.0,BTech,Bengaluru,India,ERROR,0
Flutter developer ,Brototype,1.8,Bachelor of Arts - BA,,India,ERROR,0
Senior Mobile App Developer ,Pixel Mind IT Solutions,4.5,Bachelor of Engineering - BE,Bengaluru,India,ERROR,0
GenAi App Developer,Quantiphi,4.3,B. Tech,Bengaluru,India,ERROR,0
Flutter App Developer(Freelancer),Self Employed,6.2,Bsc It,,India,ERROR,0
Team Leader,OptimumBrew Technology,6.8,Bachelor of Engineering - BE,Surat,India,ERROR,0
Flutter developer,Jnana Inventive Private Limited,1.8,Bachelor of computer Application,Puducherry,India,ERROR,0
Senior Software Developer,Antino,4.2,Bachelor of Technology - BTech,Gurgaon,India,ERROR,0
Associate Mobile App Developer,Gloify,1.7,Bachelor of Technology - BTech,Bengaluru,India,ERROR,0
Web Developer & Mobile App Developer  React Native,Teksoft IT Solutions,10.5,Bachelor of Science -Bsc.,Bengaluru,India,ERROR,0
Software Developer,CEREBULB,8.5,,Surat,India,ERROR,0
Software Engineer,Stable Money,6.2,Bachelor of Technology - BTech,Bengaluru,India,ERROR,0
Senior Software Engineer,AMETEK,8.1,Bachelor of Engineering - BE,Bengaluru,India,ERROR,0
Flutter developer ,Alphawizz Technologies Pvt. Ltd.,0.2,,Indore,India,ERROR,0
Software Engineer - Mobile SDE-2,DMart - Avenue Supermarts Ltd,8.1,Master of Computer Applications - MCA,Bengaluru,India,ERROR,0
Senior Software Engineer,Appinventiv,4.2,B.Tech,Noida,India,ERROR,0
Application Engineer 2,Leadrat CRM - Dubai | India,3.1,Master of Computer Applications - MCA,Bengaluru,India,ERROR,0
Senior Product Engineer,Restech Edugauge (DigiXPro),3.9,Master of Computer Applications - MCA,Bengaluru,India,ERROR,0
Web Development Intern,Vtricks Technologies,0.2,Bachelor of Technology - BTech,Bengaluru,India,ERROR,0
Software Engineer,Meta,20.2,Bachelor of Technology (B.Tech.),Bengaluru,India,ERROR,0
,,,Bachelor of Technology - BTech,Warangal,India,0 INR,0
Software Engineer,Planon,4.2,Btech,HyderƒÅbƒÅd,India,ERROR,0
Mobile Developer,Thiran Technologies,5.8,B.E. CSE,Chennai,India,ERROR,0
Senior Mobile App Developer ,Sparksupport Infotech Pvt Ltd,5.2,b.tech,,India,ERROR,0
Senior Mobile Developer,Microsoft,13.0,Bachelor's Degree,Bengaluru,India,ERROR,0
Software Engineer,NEXTRIVE,3.2,Bachelor of Engineering - BE,Bengaluru,India,ERROR,0
Junior Software Developer,SunOrbit,1.8,Bachelor of Engineering - BE,Pune,India,ERROR,0
Mobile Application Developer,SquareCom IT Solution,4.3,Bachelor of Engineering - BE,Bengaluru,India,ERROR,0
Flutter Developer,Madvise Infotech,1.8,Master of Computer Applications - MCA,Surat,India,ERROR,0
Mobile Application Developer,INDICOLD,5.4,B.tech,Gurgaon,India,ERROR,0
Mobile app full stack developer ,Profuture Tech Solutions Private Limited,1.4,Bachelor of Engineering - BE,Chennai,India,ERROR,0
Mobile Developer,Thoughtworks,6.1,Bachelor of Engineering,Bengaluru,India,ERROR,0
Senior Software Engineer,IBO,10.8,M.Tech,Bengaluru,India,ERROR,0
Senior Mobile app developer,IMG Global Infotech Private Limited,4.2,Bachelor of  Science - BSc,Jaipur,India,ERROR,0
Software Engineer,Resulticks,4.5,Master of Computer Applications - MCA,Chennai,India,ERROR,0
Senior Software Engineer,Eastside,5.8,Bachelor of Technology - BTech,Bengaluru,India,ERROR,0
Senior Mobile developer,YsecIT Softwares India Private Limited,13.4,,Bengaluru,India,ERROR,0
Mobile Application Developer,Sphinx Solutions Pvt. Ltd.,7.2,Bachelor of Engineering - BE,Pune,India,ERROR,0
Software Developer,AppLever Tech,2.7,Bachelor of Technology - BTech,Bengaluru,India,ERROR,0
Senior Software Engineer,Ezeiatech,4.0,Bachelor's degree,,India,ERROR,0
Software Engineering Fellowship,Headstarter AI,0.6,Bachelor of Science - BS,Mumbai,India,ERROR,0
Intern,SkyLena Info Technology Pvt. Ltd,0.2,Master of Computer Applications - MCA,Bengaluru,India,ERROR,0
Chief Executive Officer,DefiPe.io,4.8,Bachelor of Technology - BTech,Bengaluru,India,ERROR,0
Software Engineer Intern,TechSparsha,1.0,Bachelor of Engineering - BE,Bengaluru,India,ERROR,0
Senior Software Engineer,PFF,12.8,Master‚Äôs Degree,Bengaluru,India,ERROR,0
Lead Software Engineer,Carelon Global Solutions,13.3,Information Technology,Bengaluru,India,ERROR,0
Software Engineer,slice,3.7,Bachelor of Technology - BTech,Bengaluru,India,ERROR,0
Software Engineer,"OAYAW, Inc.",2.1,Bachelor of Engineering - BE,Bengaluru,India,ERROR,0
Advisory Software Engineer,IBM,16.9,,Bengaluru,India,ERROR,0
Backend Engineer,ODX,6.6,BTech - Bachelor of Technology,,India,ERROR,0
blockchain Developer,Cloveode Technologies,,,Mandi,India,ERROR,0
Software engineer 3,JPMorganChase,10.2,,Bengaluru,India,ERROR,0
Blockchain Engineer,Etherspot,3.9,Bachelor of Engineering - BE,Bengaluru,India,ERROR,0
Wordpress Developer,YELLAFIN PVT LTD,3.7,Bachelor of Engineering - BE,Bengaluru,India,ERROR,0
,,,,Bengaluru,India,0 INR,0
Software Engineer,"Hacken, Blockchain Security & Compliance",3.3,B.tech ,Bengaluru,India,ERROR,0
Software Engineer - I,Tekion Corp,3.3,Bachelor of Technology - BTech,Bengaluru,India,ERROR,0
Blockchain Developer,Protokol,8.6,Bachelor of Technology - BTech,Bengaluru,India,ERROR,0
Marketing Intern,Corizo,0.2,Bachelor of Technology - BTech,Bengaluru,India,ERROR,0
Software Engineer,Uber,2.4,Bachelor of Technology - BTech,Bengaluru,India,ERROR,0
Researcher | Assistant professor ,Nitte University,6.1,Doctor of Philosophy - PhD,Bengaluru,India,ERROR,0
Specialist Programmer L2,Infosys,8.3,Bachelor of Engineering - BE,Bengaluru,India,ERROR,0
Lead Software Engineer,Persistent Systems,4.0,Bachelor of Technology - BTech,Bengaluru,India,ERROR,0
Smart-contract engineer,Sperax,10.0,B.Tech,Bengaluru,India,ERROR,0
SDE-1 Backend & AI,Krutrim,3.6,Computer,Bengaluru,India,ERROR,0
Blockchain Developer,Tech Alchemy,2.8,,Bengaluru,India,ERROR,0
 AI/ML Engineer,Arrowhead,2.1,Bachelor of Technology - BTech,Bengaluru,India,ERROR,0
Senior Member of Technical Staff,Oracle,4.6,Bachelor of Technology - BTech,Bengaluru,India,ERROR,0
Blockchain Developer,Webmob Software Solutions,7.8,Bachelor of Science - BS,Thoothukudi,India,ERROR,0
Associate Software Developer,Tech Mahindra,0.9,Bachelor of Technology - BTech,Bengaluru,India,ERROR,0
Frontend Intern,ITH Technologies Pvt. Ltd.,0.7,Bachelor of Technology - BTech,Bengaluru,India,ERROR,0
Fullstack Developer,Jardyan inc,3.2,BCA,Bengaluru,India,ERROR,0
Research Intern,"Defence Institute of Advanced Technology (DIAT), DU, DRDO",4.2,Bachelor of Technology - BTech,Bengaluru,India,ERROR,0
,,,Master of Computer Applications - MCA,Bengaluru,India,0 INR,0
Blockchain Developer,WeMoveIdeas India,5.8,Bachelor of Technology - BTech,Bengaluru,India,ERROR,0
Blockchain Developer,KoinBX,0.7,,Bengaluru,India,ERROR,0
SDE,JPMorgan Chase & Co.,5.8,Bachelor of Engineering - BE,Bengaluru,India,ERROR,0
SDE 2,Acko,7.1,Bachelor of Engineering,Bengaluru,India,ERROR,0
Blockchain Content Curator,Ticker,1.8,Bachelor of Engineering - BE,Bengaluru,India,ERROR,0
Blockchain Developer,Codegene,4.5,Bachelor of Technology - BTech,Bengaluru,India,ERROR,0
Blockchain Developer,Sustainability Economics,3.2,Bachelor of Engineering - BE,Bengaluru,India,ERROR,0
Software Engineer E3,ChainSafe Systems,7.4,Bachelor of Engineering (B.E.),Bengaluru,India,ERROR,0
Software Engineer,CDN Solutions Group,4.2,Bachelor of Technology - BTech,Bengaluru,India,ERROR,0
Senior Software Engineer,crypto startup,13.3,Bachelor of Engineering - BE,Bengaluru,India,ERROR,0
,,,Bachelor of Technology - BTech,Bengaluru,India,0 INR,0
Blockchain Developer,Finvault,6.0,Bachelor‚Äôs Degree,Bengaluru,India,ERROR,0
BD Associate,Levitate Labs,3.0,Bachelor of Engineering - BE,Bengaluru,India,ERROR,0
Blockchain Developer,Block Stack,8.4,Bachelor's degree,Bengaluru,India,ERROR,0
Blockchain Developer,ST Labs,9.6,Bachelor of Engineering - BE,Bengaluru,India,ERROR,0
Individual Contributor,"nevƒ±¬∞ Kunden-Onboarding f√ºr GitLab, GitHub, Bitbucket & Co.",8.8,Bachelor's degree,Bengaluru,India,ERROR,0
,,,Bachelor of Engineering - BE,Bengaluru,India,0 INR,0
Backend Engineering,CRED,9.2,Bachelor of Technology (B.Tech.),Bengaluru,India,ERROR,0
Senior Software Engineer,Privafy,4.8,Bachelor of Engineering - BE,Bengaluru,India,ERROR,0
Backend developer,Powerplay,4.1,B. Tech,Bengaluru,India,ERROR,0
System Engineer,Tata Consultancy Services,3.6,Bachelor of Technology - BTech,Bengaluru,India,ERROR,0
Senior backend developer,Nextgen Technologies Inc,15.1,Bachelor's degree,Bengaluru,India,ERROR,0
Associate Engineer,L&T Technology Services,1.2,Bachelor of Technology - BTech,Bengaluru,India,ERROR,0
Engineer II,American Express,4.9,Bachelor of Technology - BTech,Cochin,India,ERROR,0
Software Engineer,Idexcel,1.6,Master of Business Administration - MBA,HƒÅveri,India,ERROR,0
Java Software Developer,Telaverge Communications,1.8,Bachelor of Engineering - BE,Bengaluru,India,ERROR,0
Software Engineer,Clarivate,3.3,Bachelor's degree,Bengaluru,India,ERROR,0
Software Engineer,Datawrkz,5.0,B.TECH,Bengaluru,India,ERROR,0
Senior Associate,Cognizant,10.6,B. Tech,Bengaluru,India,ERROR,0
Back End Engineer,Deel,6.3,Master's degree,Bengaluru,India,ERROR,0
Software Engineer,Accenture,5.0,Bachelor of Engineering - BE,Bengaluru,India,ERROR,0
Senior Software Engineer,Wipro,4.4,B-Tech,Bengaluru,India,ERROR,0
Software Engineer,Tekion Corp,3.2,Bachelor of Science - BS,Bengaluru,India,ERROR,0
Software Engineer,I-PAC (Indian Political Action Committee),3.9,Bachelor of Engineering - BE,Bengaluru,India,ERROR,0
Software Engineer,EPAM Systems,5.2,Master of Computer Applications,Vellore,India,ERROR,0
Sde 3,Flipkart,9.4,Bachelor of Technology - BTech,Bengaluru,India,ERROR,0
Software Engineer 3,JPMorganChase,5.0,Bachelor of Technology - BTech,Bengaluru,India,ERROR,0
Research And Development Engineer,Ekinops,5.5,Bachelor of Technology - BTech,Bengaluru,India,ERROR,0
Software Engineer,Microsoft,4.9,Master of Technology - MTech,Bengaluru,India,ERROR,0
Senior Software Engineer,Freecharge,5.3,Bachelor's degree,Bengaluru,India,ERROR,0
Product Engineer,JUSPAY,5.7,Bachelor of Technology - BTech,,India,ERROR,0
Senior Software Engineer,Wipro,6.7,Bachelor of Technology - BTech,Bengaluru,India,ERROR,0
Software Engineer,FireFlink,2.2,Bachelor of Technology - BTech,Bengaluru,India,ERROR,0
SDE-3,Tesco Bengaluru,12.5,Master of Science - MS,Puducherry,India,ERROR,0
Software Engineer 3,HashedIn by Deloitte,7.3,Bachelor's degree,Bengaluru,India,ERROR,0
Software Engineer III,Cisco,7.8,Bachelor of Engineering (BE),Bengaluru,India,ERROR,0
Product Development Engineer II,Razorpay,3.8,Bachelor of Technology - BTech,Bengaluru,India,ERROR,0
Senior Associate Consultant,Infosys,4.3,Bachelor's degree,Bengaluru,India,ERROR,0
Senior Software Engineer,Allstate,6.5,B.E.,Bengaluru,India,ERROR,0
Senior Consultant,EY,6.8,Bachelor of Technology - BTech,Bengaluru,India,ERROR,0
Senior Software Engineer,Wells Fargo,7.9,Bachelor of Engineering - BE,Bengaluru,India,ERROR,0
Software Engineer,1TX,2.9,Bachelor of Engineering - BE,Bengaluru,India,ERROR,0
Junior Software Engineer,Nextpoint,2.2,Bachelor of Technology - BTech,Bengaluru,India,ERROR,0
Software Engineer,SeeMyMachines,4.6,BACKEND JAVA DEVELOPING,Bengaluru,India,ERROR,0
Software Engineer,PhonePe,3.4,Bachelor of Technology - BTech,Bengaluru,India,ERROR,0
Software Engineer,Microsoft,5.8,,Bengaluru,India,ERROR,0
Software Engineer,CARS24,3.9,Bachelor's degree,Bengaluru,India,ERROR,0
Lead Software Engineer,Informatica,6.5,Master of Technology - MTech,Bengaluru,India,ERROR,0
Software Engineer II,Thermo Fisher Scientific,6.3,Bachelor of Technology - BTech,Bengaluru,India,ERROR,0
Senior Software Engineer,PwC,5.9,Bachelor of Engineering - BE,Bengaluru,India,ERROR,0
Software Development Engineer,Razorpay,1.0,Bachelor of Engineering - BE,Bengaluru,India,ERROR,0
Associate - Technology ,Northern Arc Capital,2.9,Bachelor of Engineering - BE,Bengaluru,India,ERROR,0
Software Development Engineer 2,FICO,5.1,Bachelor of Technology - BTech,Bengaluru,India,ERROR,0
Software Engineer,Xylem India,2.4,Bachelor's degree,Bengaluru,India,ERROR,0
Senior Software Engineer,Subex,2.2,Bachelor of Engineering - BE,Bengaluru,India,ERROR,0
